nombre,ZonasInFull,ZonasInPartial,ZonasInArea0.25,n_InFull,n_InPartial,n_InArea0.25
Independencia,13108031005 13108021004 13108021005 13108031001 13108031002 13108051002 13108031003 13108051003 13108031004 13108041002 13108061001 13108051005 13108021002 13108021001 13108061002 13108071001 13108021003 13108011004 13108011005 13108011001 13108011002 13108071002 13108011003,13104091003 13104051006 13104061002 13108031005 13108021004 13108021005 13108031001 13108031002 13108051002 13108031003 13108051004 13108051003 13108031004 13108041002 13108061001 13108051005 13108021002 13108021001 13108061002 13108071001 13108021003 13108011004 13108011005 13108011001 13108011002 13108071002 13108011003 13108051001 13108041001 13127021001 13127011002 13127011001 13127031002,13108031005 13108021004 13108021005 13108031001 13108031002 13108051002 13108031003 13108051004 13108051003 13108031004 13108041002 13108061001 13108051005 13108021002 13108021001 13108061002 13108071001 13108021003 13108011004 13108011005 13108011001 13108011002 13108071002 13108011003 13108051001 13108041001,23,33,26
Las Condes,13114041003 13114151002 13114161002 13114151001 13114041002 13114021002 13114021003 13114161001 13114161003 13114081005 13114121005 13114021004 13114031002 13114151003 13114141001 13114021001 13114031001 13114011001 13114061001 13114011002 13114071004 13114031003 13114031004 13114161004 13114031005 13114071002 13114011003 13114031006 13114031007 13114011009 13114011008 13114071003 13114011004 13114071001 13114011005 13114051003 13114051004 13114121002 13114111001 13114101005 13114091002 13114131006 13114121006 13114131003 13114081002 13114101004 13114111002 13114111007 13114131009 13114141004 13114131007 13114101003 13114011006 13114061002 13114011007 13114111006 13114051001 13114131002 13114131010 13114131004 13114111004 13114111005 13114131005 13114051002 13114111003 13114091004 13114131008 13114091001 13114081001 13114101002 13114121001 13114091003 13114141002 13114081003 13114101001 13114121003 13114121007 13114121004 13114081004,13113031001 13113061001 13113061003 13113051001 13114041001 13114041003 13114151002 13114161002 13114151001 13114041002 13114021002 13114021003 13114161001 13114161003 13114081005 13114121005 13114021004 13114031002 13114151003 13114141001 13114021001 13114031001 13114011001 13114061001 13114011002 13114071004 13114031003 13114031004 13114161004 13114031005 13114071002 13114011003 13114031006 13114031007 13114011009 13114011008 13114071003 13114011004 13114071001 13114011005 13114051003 13114051004 13114121002 13114111001 13114101005 13114091002 13114131006 13114121006 13114141003 13114131001 13114131003 13114081002 13114101004 13114111002 13114111007 13114131009 13114141004 13114131007 13114101003 13114011006 13114061002 13114011007 13114111006 13114051001 13114131002 13114131010 13114131004 13114111004 13114111005 13114131005 13114051002 13114111003 13114091004 13114131008 13114091001 13114081001 13114101002 13114121001 13114091003 13114141002 13114081003 13114101001 13114121003 13114121007 13114121004 13114081004 13115021004 13115021003 13123041003,13114041001 13114041003 13114151002 13114161002 13114151001 13114041002 13114021002 13114021003 13114161001 13114161003 13114081005 13114121005 13114021004 13114031002 13114151003 13114141001 13114021001 13114031001 13114011001 13114061001 13114011002 13114071004 13114031003 13114031004 13114161004 13114031005 13114071002 13114011003 13114031006 13114031007 13114011009 13114011008 13114071003 13114011004 13114071001 13114011005 13114051003 13114051004 13114121002 13114111001 13114101005 13114091002 13114131006 13114121006 13114141003 13114131001 13114131003 13114081002 13114101004 13114111002 13114111007 13114131009 13114141004 13114131007 13114101003 13114011006 13114061002 13114011007 13114111006 13114051001 13114131002 13114131010 13114131004 13114111004 13114111005 13114131005 13114051002 13114111003 13114091004 13114131008 13114091001 13114081001 13114101002 13114121001 13114091003 13114141002 13114081003 13114101001 13114121003 13114121007 13114121004 13114081004,79,89,82
Lo Barnechea,13115011011 13115011010 13115011006 13115011007 13115021002 13115041004 13115011008 13115011009 13115041003 13115011005 13115041001 13115011004 13115041005 13115011003 13115011002 13115041002 13115021005 13115021001,13114041001 13114041003 13115011011 13115011010 13115011006 13115011007 13115021002 13115041004 13115011008 13115011012 13115011009 13115041003 13115011005 13115041001 13115011004 13115041005 13115011001 13115011003 13115011002 13115041002 13115021004 13115021005 13115021003 13115021001 13132031001 13132031002 13132041003,13115011011 13115011010 13115011006 13115011007 13115021002 13115041004 13115011008 13115011012 13115011009 13115041003 13115011005 13115041001 13115011004 13115041005 13115011001 13115011003 13115011002 13115041002 13115021004 13115021005 13115021003 13115021001,18,27,22
Providencia,13123041001 13123041006 13123021006 13123011007 13123021005 13123011001 13123021003 13123011004 13123041004 13123041007 13123061004 13123041011 13123011006 13123021004 13123011002 13123041005 13123011005 13123061002 13123011003 13123011008 13123081002 13123021002 13123031004 13123031006 13123081004 13123031009 13123031003 13123031002 13123031001 13123031011 13123081001 13123031010 13123031007 13123041010 13123031005 13123081003 13123031008 13123021001 13123041002 13123041008 13123041009,13120021004 13120021006 13120011001 13120111007 13123071001 13123041003 13123041001 13123041006 13123021006 13123011007 13123021005 13123011001 13123051002 13123071003 13123021003 13123011004 13123041004 13123041007 13123061004 13123061001 13123041011 13123051001 13123011006 13123021007 13123021004 13123041012 13123011002 13123041005 13123011005 13123061002 13123011003 13123061003 13123071002 13123011008 13123081002 13123021002 13123031004 13123031006 13123081004 13123031009 13123031003 13123031002 13123031001 13123031011 13123081001 13123031010 13123031007 13123041010 13123031005 13123081003 13123031008 13123021001 13123041002 13123041008 13123041009 13127101001,13123071001 13123041003 13123041001 13123041006 13123021006 13123011007 13123021005 13123011001 13123051002 13123071003 13123021003 13123011004 13123041004 13123041007 13123061004 13123061001 13123041011 13123051001 13123011006 13123021007 13123021004 13123041012 13123011002 13123041005 13123011005 13123061002 13123011003 13123061003 13123071002 13123011008 13123081002 13123021002 13123031004 13123031006 13123081004 13123031009 13123031003 13123031002 13123031001 13123031011 13123081001 13123031010 13123031007 13123041010 13123031005 13123081003 13123031008 13123021001 13123041002 13123041008 13123041009,41,56,51
Santiago,13101211002 13101201002 13101191003 13101151001 13101211001 13101191002 13101121007 13101031002 13101021001 13101021005 13101021007 13101021008 13101041002 13101051002 13101061002 13101061003 13101081001 13101081003 13101091001 13101091002 13101091003 13101091004 13101111009 13101111012 13101111013 13101111019 13101121001 13101121005 13101131001 13101131004 13101131006 13101141002 13101151004 13101171001 13101171003 13101181001 13101201001 13101231001 13101261001 13101271001 13101281004 13101191001 13101161002 13101161003 13101171002 13101181002 13101201003 13101221001 13101111016 13101051001 13101101006 13101081004 13101031001 13101071002 13101021004 13101081002 13101011002 13101031003 13101011001 13101071003 13101021003 13101021002 13101021006 13101011005 13101011003 13101101001 13101041004 13101041003 13101011004 13101041001 13101061001 13101031004 13101101002 13101111001 13101031005 13101031006 13101101003 13101041005 13101111002 13101031007 13101111003 13101051003 13101111014 13101101004 13101101005 13101111015 13101131009 13101121002 13101131007 13101111017 13101111005 13101111004 13101121008 13101131002 13101101007 13101121009 13101281001 13101101008 13101111018 13101111006 13101101009 13101111011 13101111010 13101121006 13101101010 13101111007 13101131003 13101121004 13101121003 13101131008 13101281002 13101111008 13101271002 13101131005 13101141001 13101281003 13101271003 13101141003 13101271004 13101281006 13101281005 13101151003 13101151002 13101161001,13101211002 13101201002 13101241001 13101071001 13101191003 13101241002 13101151001 13101211001 13101191002 13101121007 13101031002 13101021001 13101021005 13101021007 13101021008 13101041002 13101051002 13101061002 13101061003 13101081001 13101081003 13101091001 13101091002 13101091003 13101091004 13101111009 13101111012 13101111013 13101111019 13101121001 13101121005 13101131001 13101131004 13101131006 13101141002 13101151004 13101171001 13101171003 13101181001 13101201001 13101231001 13101251001 13101261001 13101271001 13101281004 13101191001 13101161002 13101161003 13101171002 13101181002 13101201003 13101221001 13101111016 13101051001 13101101006 13101081004 13101031001 13101071002 13101021004 13101081002 13101011002 13101031003 13101011001 13101071003 13101021003 13101021002 13101021006 13101291001 13101011005 13101011003 13101101001 13101041004 13101041003 13101011004 13101041001 13101061001 13101031004 13101101002 13101111001 13101031005 13101031006 13101101003 13101041005 13101111002 13101031007 13101111003 13101051003 13101111014 13101101004 13101101005 13101111015 13101131009 13101121002 13101131007 13101111017 13101111005 13101111004 13101121008 13101131002 13101101007 13101121009 13101281001 13101101008 13101111018 13101111006 13101101009 13101111011 13101111010 13101121006 13101101010 13101111007 13101131003 13101121004 13101121003 13101131008 13101281002 13101111008 13101271002 13101131005 13101141001 13101281003 13101271003 13101141003 13101271004 13101281006 13101281005 13101151003 13101151002 13101161001 13106021001 13106121002 13106121001 13106021002 13123061001 13126031003 13126031002 13129011003 13129011002 13129011001 13121021001,13101211002 13101201002 13101241001 13101071001 13101191003 13101241002 13101151001 13101211001 13101191002 13101121007 13101031002 13101021001 13101021005 13101021007 13101021008 13101041002 13101051002 13101061002 13101061003 13101081001 13101081003 13101091001 13101091002 13101091003 13101091004 13101111009 13101111012 13101111013 13101111019 13101121001 13101121005 13101131001 13101131004 13101131006 13101141002 13101151004 13101171001 13101171003 13101181001 13101201001 13101231001 13101251001 13101261001 13101271001 13101281004 13101191001 13101161002 13101161003 13101171002 13101181002 13101201003 13101221001 13101111016 13101051001 13101101006 13101081004 13101031001 13101071002 13101021004 13101081002 13101011002 13101031003 13101011001 13101071003 13101021003 13101021002 13101021006 13101291001 13101011005 13101011003 13101101001 13101041004 13101041003 13101011004 13101041001 13101061001 13101031004 13101101002 13101111001 13101031005 13101031006 13101101003 13101041005 13101111002 13101031007 13101111003 13101051003 13101111014 13101101004 13101101005 13101111015 13101131009 13101121002 13101131007 13101111017 13101111005 13101111004 13101121008 13101131002 13101101007 13101121009 13101281001 13101101008 13101111018 13101111006 13101101009 13101111011 13101111010 13101121006 13101101010 13101111007 13101131003 13101121004 13101121003 13101131008 13101281002 13101111008 13101271002 13101131005 13101141001 13101281003 13101271003 13101141003 13101271004 13101281006 13101281005 13101151003 13101151002 13101161001,124,140,129
Vitacura,13132041007 13132041002 13132041004 13132041001 13132021003 13132041008 13132041006 13132041005 13132021001 13132051002 13132021005 13132051003 13132021007 13132051001 13132021004 13132011003 13132021002 13132011001 13132011002 13132021006 13132011004 13132011005 13132011006,13107051001 13114131001 13115011012 13115011001 13123071002 13132031001 13132031002 13132041003 13132041007 13132041002 13132041004 13132041001 13132021003 13132041008 13132041006 13132041005 13132021001 13132051002 13132021005 13132051003 13132021007 13132051001 13132021004 13132011003 13132021002 13132011001 13132011002 13132021006 13132011004 13132011005 13132011006,13132031001 13132031002 13132041003 13132041007 13132041002 13132041004 13132041001 13132021003 13132041008 13132041006 13132041005 13132021001 13132051002 13132021005 13132051003 13132021007 13132051001 13132021004 13132011003 13132021002 13132011001 13132011002 13132021006 13132011004 13132011005 13132011006,23,31,26
Ñuñoa,13120021002 13120101007 13120021001 13120071003 13120021003 13120101008 13120051003 13120051001 13120051002 13120071001 13120041003 13120041005 13120091002 13120071004 13120091003 13120071005 13120061002 13120081001 13120081003 13120081002 13120071006 13120011004 13120031002 13120101003 13120111002 13120111006 13120021005 13120011005 13120011001 13120111003 13120031001 13120111004 13120011002 13120011006 13120011009 13120111001 13120111005 13120011007 13120011003 13120031003 13120011008 13120101002 13120101004 13120101006 13120041004 13120071002 13120101005 13120051004,13113011004 13120021002 13120101007 13120021001 13120071003 13120021003 13120041002 13120101008 13120051003 13120051001 13120051002 13120071001 13120041003 13120041005 13120091002 13120071004 13120091003 13120071005 13120061001 13120061002 13120061005 13120061003 13120081001 13120091001 13120081003 13120081002 13120061004 13120071006 13120081004 13120071007 13120011004 13120031002 13120101003 13120111002 13120111006 13120021004 13120021005 13120021006 13120011005 13120011001 13120111007 13120111003 13120031001 13120111004 13120011002 13120011006 13120011009 13120111001 13120111005 13120011007 13120011003 13120031003 13120011008 13120101001 13120101002 13120041001 13120101004 13120101006 13120041004 13120071002 13120101005 13120051004 13123051001 13123021007 13123041012 13123011003 13123061003,13120021002 13120101007 13120021001 13120071003 13120021003 13120041002 13120101008 13120051003 13120051001 13120051002 13120071001 13120041003 13120041005 13120091002 13120071004 13120091003 13120071005 13120061001 13120061002 13120061005 13120061003 13120081001 13120091001 13120081003 13120081002 13120061004 13120071006 13120081004 13120071007 13120011004 13120031002 13120101003 13120111002 13120111006 13120021004 13120021005 13120021006 13120011005 13120011001 13120111007 13120111003 13120031001 13120111004 13120011002 13120011006 13120011009 13120111001 13120111005 13120011007 13120011003 13120031003 13120011008 13120101001 13120101002 13120041001 13120101004 13120101006 13120041004 13120071002 13120101005 13120051004,48,67,61
Puente Alto Poniente,13201161010 13201161002 13201171006 13201171003 13201161003 13201171007 13201071006 13201071008 13201071005 13201171008 13201161006 13201161008 13201161004 13201161009 13201171004 13201171002 13201171001 13201071002 13201171005 13201171009 13201151001 13201151002 13201061003 13201161005 13201071003 13201071004 13201141002 13201141005 13201181001 13201141006 13201051008 13201181003 13201051006 13201181009 13201141003 13201141008 13201051001 13201051002 13201051005 13201181004 13201141007 13201181008 13201051003 13201181005 13201181007 13201061007 13201051007 13201051009 13201151003 13201061002 13201061006 13201131001 13201131002 13201131003 13201131004 13201141001 13201061004 13201131005 13201061005 13201051010 13201051011 13201181002,13110131003 13110131002 13112011002 13201161001 13201161010 13201161002 13201171006 13201171003 13201071007 13201161003 13201171007 13201071006 13201071008 13201071005 13201171008 13201161006 13201161008 13201161004 13201161009 13201161007 13201171004 13201171002 13201171001 13201071002 13201071001 13201171005 13201171009 13201151001 13201011003 13201151002 13201061003 13201161005 13201071003 13201071004 13201141002 13201141005 13201181001 13201141004 13201141006 13201051008 13201181003 13201051006 13201181009 13201141003 13201141008 13201051001 13201051002 13201051005 13201181004 13201141007 13201181008 13201051003 13201181005 13201181007 13201051004 13201061007 13201051007 13201051009 13201061001 13201151003 13201041001 13201061002 13201061006 13201131001 13201131002 13201131003 13201131004 13201141001 13201181006 13201061004 13201131005 13201061005 13201051010 13201051011 13201181002,13201161001 13201161010 13201161002 13201171006 13201171003 13201071007 13201161003 13201171007 13201071006 13201071008 13201071005 13201171008 13201161006 13201161008 13201161004 13201161009 13201161007 13201171004 13201171002 13201171001 13201071002 13201071001 13201171005 13201171009 13201151001 13201151002 13201061003 13201161005 13201071003 13201071004 13201141002 13201141005 13201181001 13201141004 13201141006 13201051008 13201181003 13201051006 13201181009 13201141003 13201141008 13201051001 13201051002 13201051005 13201181004 13201141007 13201181008 13201051003 13201181005 13201181007 13201051004 13201061007 13201051007 13201051009 13201061001 13201151003 13201061002 13201061006 13201131001 13201131002 13201131003 13201131004 13201141001 13201181006 13201061004 13201131005 13201061005 13201051010 13201051011 13201181002,62,75,70
Santiago Norte,13101151001 13101121007 13101031002 13101021001 13101021005 13101021007 13101021008 13101041002 13101051002 13101061002 13101061003 13101081001 13101081003 13101091001 13101091002 13101091003 13101091004 13101111009 13101111012 13101111013 13101111019 13101121001 13101121005 13101131001 13101131004 13101131006 13101141002 13101151004 13101261001 13101271001 13101281004 13101111016 13101051001 13101101006 13101081004 13101031001 13101071002 13101021004 13101081002 13101011002 13101031003 13101011001 13101071003 13101021003 13101021002 13101021006 13101011005 13101011003 13101101001 13101041004 13101041003 13101011004 13101041001 13101061001 13101031004 13101101002 13101111001 13101031005 13101031006 13101101003 13101041005 13101111002 13101031007 13101111003 13101051003 13101111014 13101101004 13101101005 13101111015 13101131009 13101121002 13101131007 13101111017 13101111005 13101111004 13101121008 13101131002 13101101007 13101121009 13101281001 13101101008 13101111018 13101111006 13101101009 13101111011 13101111010 13101121006 13101101010 13101111007 13101131003 13101121004 13101121003 13101131008 13101281002 13101111008 13101271002 13101131005 13101141001 13101281003 13101271003 13101141003 13101271004 13101281006 13101281005 13101151003 13101151002,13101071001 13101151001 13101121007 13101031002 13101021001 13101021005 13101021007 13101021008 13101041002 13101051002 13101061002 13101061003 13101081001 13101081003 13101091001 13101091002 13101091003 13101091004 13101111009 13101111012 13101111013 13101111019 13101121001 13101121005 13101131001 13101131004 13101131006 13101141002 13101151004 13101261001 13101271001 13101281004 13101221001 13101111016 13101051001 13101101006 13101081004 13101031001 13101071002 13101021004 13101081002 13101011002 13101031003 13101011001 13101071003 13101021003 13101021002 13101021006 13101291001 13101011005 13101011003 13101101001 13101041004 13101041003 13101011004 13101041001 13101061001 13101031004 13101101002 13101111001 13101031005 13101031006 13101101003 13101041005 13101111002 13101031007 13101111003 13101051003 13101111014 13101101004 13101101005 13101111015 13101131009 13101121002 13101131007 13101111017 13101111005 13101111004 13101121008 13101131002 13101101007 13101121009 13101281001 13101101008 13101111018 13101111006 13101101009 13101111011 13101111010 13101121006 13101101010 13101111007 13101131003 13101121004 13101121003 13101131008 13101281002 13101111008 13101271002 13101131005 13101141001 13101281003 13101271003 13101141003 13101271004 13101281006 13101281005 13101151003 13101151002 13106121001 13120111001 13120101001 13123061001 13126031003 13126031002,13101071001 13101151001 13101121007 13101031002 13101021001 13101021005 13101021007 13101021008 13101041002 13101051002 13101061002 13101061003 13101081001 13101081003 13101091001 13101091002 13101091003 13101091004 13101111009 13101111012 13101111013 13101111019 13101121001 13101121005 13101131001 13101131004 13101131006 13101141002 13101151004 13101261001 13101271001 13101281004 13101111016 13101051001 13101101006 13101081004 13101031001 13101071002 13101021004 13101081002 13101011002 13101031003 13101011001 13101071003 13101021003 13101021002 13101021006 13101291001 13101011005 13101011003 13101101001 13101041004 13101041003 13101011004 13101041001 13101061001 13101031004 13101101002 13101111001 13101031005 13101031006 13101101003 13101041005 13101111002 13101031007 13101111003 13101051003 13101111014 13101101004 13101101005 13101111015 13101131009 13101121002 13101131007 13101111017 13101111005 13101111004 13101121008 13101131002 13101101007 13101121009 13101281001 13101101008 13101111018 13101111006 13101101009 13101111011 13101111010 13101121006 13101101010 13101111007 13101131003 13101121004 13101121003 13101131008 13101281002 13101111008 13101271002 13101131005 13101141001 13101281003 13101271003 13101141003 13101271004 13101281006 13101281005 13101151003 13101151002,106,115,108
Ñuñoa Norte,13120021002 13120021001 13120071003 13120021003 13120051001 13120071001 13120041003 13120041005 13120071004 13120011004 13120031002 13120101003 13120111002 13120111006 13120021005 13120011005 13120011001 13120111003 13120031001 13120111004 13120011002 13120011006 13120011009 13120111001 13120111005 13120011007 13120011003 13120031003 13120011008 13120101002 13120101004 13120101006 13120041004 13120071002 13120101005 13120051004,13113011004 13120021002 13120101007 13120021001 13120071003 13120021003 13120041002 13120101008 13120051003 13120051001 13120051002 13120071001 13120041003 13120041005 13120071004 13120091001 13120011004 13120031002 13120101003 13120111002 13120111006 13120021004 13120021005 13120021006 13120011005 13120011001 13120111007 13120111003 13120031001 13120111004 13120011002 13120011006 13120011009 13120111001 13120111005 13120011007 13120011003 13120031003 13120011008 13120101001 13120101002 13120041001 13120101004 13120101006 13120041004 13120071002 13120101005 13120051004 13123051001 13123021007 13123041012 13123011003 13123061003,13120021002 13120101007 13120021001 13120071003 13120021003 13120041002 13120101008 13120051003 13120051001 13120051002 13120071001 13120041003 13120041005 13120071004 13120011004 13120031002 13120101003 13120111002 13120111006 13120021004 13120021005 13120021006 13120011005 13120011001 13120111007 13120111003 13120031001 13120111004 13120011002 13120011006 13120011009 13120111001 13120111005 13120011007 13120011003 13120031003 13120011008 13120101001 13120101002 13120041001 13120101004 13120101006 13120041004 13120071002 13120101005 13120051004,36,53,46
El Bosque,13105041002 13105011005 13105031001 13105021001 13105011001 13105021002 13105021003 13105041001 13105011002 13105091003 13105061003 13105011003 13105061004 13105091002 13105061005 13105081001 13105081002 13105071004 13105081004 13105071003 13105081003 13105071001 13105081005 13105071002 13105051001 13105051002 13105051003 13105031002 13105051004 13105051005 13105091004 13105091001 13105061001 13105061002 13105071005 13105101001 13105101002 13105101003,13105041002 13105011005 13105031001 13105021001 13105011001 13105021002 13105021003 13105041001 13105011002 13105091003 13105061003 13105011003 13105061004 13105091002 13105061005 13105011004 13105081001 13105081002 13105071004 13105081004 13105071003 13105081003 13105071001 13105081005 13105071002 13105051001 13105051002 13105051003 13105031002 13105051004 13105051005 13105091004 13105091001 13105061001 13105061002 13105071005 13105101001 13105101002 13105101003 13109051003 13109061004 13109051002 13112031005 13112041004 13131051004 13401111001,13105041002 13105011005 13105031001 13105021001 13105011001 13105021002 13105021003 13105041001 13105011002 13105091003 13105061003 13105011003 13105061004 13105091002 13105061005 13105011004 13105081001 13105081002 13105071004 13105081004 13105071003 13105081003 13105071001 13105081005 13105071002 13105051001 13105051002 13105051003 13105031002 13105051004 13105051005 13105091004 13105091001 13105061001 13105061002 13105071005 13105101001 13105101002 13105101003,38,46,39
San Bernardo Nororiente,13401101003 13401021001 13401101002 13401031002 13401031003 13401031001 13401021002 13401041001 13401041003 13401061001 13401061008 13401041002 13401061002 13401101005 13401011001 13401061004 13401051001 13401041004 13401051002 13401061010 13401061009 13401111005 13401111002 13401111006 13401101001 13401101006,13105011001 13105011004 13112011001 13401101003 13401021001 13401101002 13401031002 13401031003 13401031001 13401021002 13401041001 13401041003 13401061001 13401061008 13401041002 13401061002 13401101005 13401011001 13401061004 13401051001 13401041004 13401101004 13401051002 13401011002 13401061010 13401061009 13401051005 13401051004 13401111003 13401111001 13401111005 13401111002 13401111006 13401101001 13401101006,13401101003 13401021001 13401101002 13401031002 13401031003 13401031001 13401021002 13401041001 13401041003 13401061001 13401061008 13401041002 13401061002 13401101005 13401011001 13401061004 13401051001 13401041004 13401051002 13401061010 13401061009 13401051005 13401111001 13401111005 13401111002 13401111006 13401101001 13401101006,26,35,28
Arica,15101181002 15101181005 15101181001 15101181003 15101181004 15101171001 15101171007 15101171002 15101171006 15101171003 15101171004 15101171005 15101091001 15101031004 15101031007 15101041001 15101041002 15101041004 15101041003 15101051004 15101051003 15101051002 15101091002 15101171009 15101121010 15101141001 15101191004 15101031006 15101101001 15101101002 15101101003 15101111001 15101111002 15101111003 15101071001 15101071003 15101071002 15101071004 15101081002 15101081001 15101081004 15101081003 15101171010,15101181002 15101181005 15101181001 15101181003 15101181004 15101171001 15101171007 15101171002 15101171006 15101171003 15101171004 15101171008 15101171005 15101181006 15101031002 15101091001 15101031005 15101031003 15101031004 15101121008 15101031001 15101031007 15101041001 15101041002 15101041004 15101041003 15101051004 15101051001 15101051003 15101051002 15101091002 15101171009 15101121010 15101191001 15101141001 15101191002 15101141002 15101191003 15101191004 15101011001 15101011002 15101021001 15101031006 15101121003 15101121009 15101101001 15101101002 15101101003 15101111001 15101111002 15101111003 15101121001 15101121002 15101121004 15101121005 15101121006 15101121007 15101061004 15101061002 15101061001 15101071001 15101071003 15101071002 15101071004 15101081002 15101081001 15101081004 15101081003 15101171010,15101181002 15101181005 15101181001 15101181003 15101181004 15101171001 15101171007 15101171002 15101171006 15101171003 15101171004 15101171005 15101181006 15101031002 15101091001 15101031005 15101031003 15101031004 15101121008 15101031001 15101031007 15101041001 15101041002 15101041004 15101041003 15101051004 15101051001 15101051003 15101051002 15101091002 15101171009 15101121010 15101191001 15101141001 15101191002 15101141002 15101191004 15101011001 15101011002 15101021001 15101031006 15101121003 15101121009 15101101001 15101101002 15101101003 15101111001 15101111002 15101111003 15101121001 15101121002 15101121004 15101121006 15101121007 15101061004 15101071001 15101071003 15101071002 15101071004 15101081002 15101081001 15101081004 15101081003 15101171010,43,69,64
Independencia Sur,13108011004 13108011005 13108011001 13108011002 13108071002 13108011003,13108071001 13108021003 13108011004 13108011005 13108011001 13108011002 13108071002 13108011003 13127021001 13127011002 13127011001,13108071001 13108021003 13108011004 13108011005 13108011001 13108011002 13108071002 13108011003,6,11,8
Osorno,10301051008 10301091006 10301051012 10301091004 10301091003 10301051006 10301081001 10301041002 10301021002 10301051003 10301021001 10301051001 10301011005 10301181003 10301011004 10301061003 10301051002 10301051007 10301091002 10301031001 10301021003 10301011001 10301011002 10301011003 10301181004,10301051008 10301091001 10301091005 10301051004 10301091006 10301051012 10301051005 10301051011 10301091004 10301091003 10301051006 10301081001 10301041002 10301021002 10301051003 10301181001 10301021001 10301181002 10301051001 10301011005 10301181003 10301061007 10301141001 10301061001 10301011004 10301061004 10301191004 10301061002 10301191001 10301051010 10301061006 10301061003 10301071001 10301191003 10301051002 10301051009 10301051007 10301091002 10301031001 10301021003 10301041001 10301011001 10301011002 10301011003 10301181004 10301061005 10301191002,10301051008 10301091001 10301091005 10301051004 10301091006 10301051012 10301051011 10301091004 10301091003 10301051006 10301081001 10301041002 10301021002 10301051003 10301181001 10301021001 10301181002 10301051001 10301011005 10301181003 10301061007 10301141001 10301061001 10301011004 10301061004 10301191004 10301061002 10301191001 10301051010 10301061006 10301061003 10301191003 10301051002 10301051007 10301091002 10301031001 10301021003 10301041001 10301011001 10301011002 10301011003 10301181004 10301191002,25,47,43
Pedro Aguirre Cerda,13121041002 13121071004 13121041003 13121081001 13121061003 13121061001 13121011002 13121011001 13121021002 13121021004 13121021003 13121011003 13121031001 13121051001 13121051004 13121061002 13121031002 13121031004 13121051002 13121031003 13121041001 13121071001 13121071003 13121041004 13121071002 13121081002 13121051003,13101241001 13116051002 13116061001 13116061002 13116061003 13116051001 13121041002 13121071004 13121041003 13121081001 13121061003 13121021001 13121061001 13121011002 13121011001 13121021002 13121021004 13121021003 13121011003 13121031001 13121051001 13121051004 13121061002 13121031002 13121031004 13121051002 13121031003 13121041001 13121071001 13121071003 13121041004 13121071002 13121081002 13121051003,13121041002 13121071004 13121041003 13121081001 13121061003 13121021001 13121061001 13121011002 13121011001 13121021002 13121021004 13121021003 13121011003 13121031001 13121051001 13121051004 13121061002 13121031002 13121031004 13121051002 13121031003 13121041001 13121071001 13121071003 13121041004 13121071002 13121081002 13121051003,27,34,28
Punta Arenas,12101021002 12101051001 12101011002 12101041003 12101061003 12101041001 12101081001 12101021001 12101081005 12101081002 12101071001 12101081004 12101071004 12101081003 12101101003 12101031004 12101031005 12101011004 12101101005 12101031002 12101041005 12101031003 12101031001 12101011003 12101041007 12101041004 12101041006 12101041002 12101061001 12101061002 12101071005 12101081006 12101071003 12101071007,12101021002 12101051001 12101011002 12101041003 12101061003 12101041001 12101081001 12101021001 12101081005 12101081002 12101101004 12101071001 12101051002 12101081004 12101071002 12101071004 12101081003 12101101003 12101031004 12101031005 12101011004 12101101002 12101101005 12101031002 12101041005 12101031003 12101031001 12101011003 12101041007 12101041004 12101041006 12101041002 12101061001 12101061002 12101091001 12101011001 12101071005 12101081006 12101071003 12101071006 12101071007 12101101001,12101021002 12101051001 12101011002 12101041003 12101061003 12101041001 12101081001 12101021001 12101081005 12101081002 12101101004 12101071001 12101051002 12101081004 12101071002 12101071004 12101081003 12101101003 12101031004 12101031005 12101011004 12101101002 12101101005 12101031002 12101041005 12101031003 12101031001 12101011003 12101041007 12101041004 12101041006 12101041002 12101061001 12101061002 12101091001 12101011001 12101071005 12101081006 12101071003 12101071006 12101071007,34,42,41
Quinta Normal,13126091002 13126061001 13126021003 13126091004 13126021001 13126021002 13126021005 13126021004 13126081003 13126081001 13126021006 13126011001 13126011002 13126011003 13126031001 13126071001 13126071002 13126041001 13126041002 13126091001 13126091003 13126061004 13126051002,13101071001 13101291001 13103011004 13106111004 13106111003 13106111001 13117031006 13117031003 13117021004 13117021001 13126091002 13126061001 13126061002 13126021003 13126091004 13126021001 13126081002 13126021002 13126021005 13126021004 13126081003 13126081001 13126021006 13126011001 13126011002 13126011003 13126031001 13126031003 13126071001 13126071002 13126041001 13126041002 13126031002 13126091001 13126091003 13126061004 13126061003 13126051002 13126051001,13126091002 13126061001 13126061002 13126021003 13126091004 13126021001 13126081002 13126021002 13126021005 13126021004 13126081003 13126081001 13126021006 13126011001 13126011002 13126011003 13126031001 13126031003 13126071001 13126071002 13126041001 13126041002 13126031002 13126091001 13126091003 13126061004 13126061003 13126051002 13126051001,23,39,29
Temuco,91010610040 91011110030 91011410020 91011210030 91011910010 91011110010 91011810040 91010510010 91010110020 91010110010 91010910030 91010510020 91010910020 91010210010 91010410030 91011810060 91011810020 91010210020 91010110030 91011810010 91010110025 91010110040 91011910020 91011810030 91010210040 91010410020 91010210030 91010110050 91010510050 91010810010 91010510040 91010610050 91010410010 91011810050 91011610040 91011610010 91011010010 91011610035 91010910010 91010810030 91010610060 91011910040 91010810020 91010610030 91010510030 91010710010 91011910030 91010510070 91010610020 91011910050 91010610010 91010910040 91010910050 91010710020 91011410010 91010810065 91011410015 91010310030 91010310010 91011710030 91011710010 91011710020 91011710040 91011010050 91010810015 91010810025 91011010065 91011210015 91011610015 91011810045 91011910045 91011110018 91011010049 91011010059 91011010069 91011010079 91010110019 91010110029 91010110039 91010110049 91010210049 91010310029 91010310039 91010310049 91010410019 91010410039 91010510039 91010510049 91010510059 91010610019 91010610039 91010610059 91010610069 91010710019 91010810019 91010810029 91010810039 91010810049 91010910019 91010910049 91010910059 91011010089 91011110039 91011410019 91011410039 91011610019 91011610029 91011610039 91011610049 91011710029 91011710039 91011910019 91011910049 91011910069 91010510045,91011110020 91010610040 91011410040 91011210010 91011210020 91011110030 91011410020 91011210030 91011910010 91011110010 91011410030 91011810040 91010510010 91011910060 91010110020 91010110010 91010910030 91010510020 91010910020 91010210010 91010410030 91011810060 91011810020 91010510060 91010210020 91010110030 91011810010 91010110025 91010110040 91011910020 91011810030 91010210040 91010410020 91010210030 91010110050 91010510050 91010810010 91010510040 91010610050 91010810040 91010410010 91011810050 91011610030 91011610040 91011610010 91011010010 91011610035 91011010080 91011010070 91011610020 91010910010 91010810030 91010610060 91011910040 91010810020 91010610030 91010510030 91010710010 91011910030 91010510070 91010610020 91010810060 91010810050 91011910050 91010610010 91010910040 91010910050 91010710020 91011010030 91011410010 91010810065 91010710025 91011410015 91011410025 91010310030 91010310020 91010310010 91010310040 91010310050 91011710030 91011710010 91011710020 91011710040 91011010090 91011010040 91011010050 91011010020 91010510065 91010810015 91010810025 91011010055 91011010065 91011010085 91011210015 91011610015 91011810045 91011910045 91011110018 91011010049 91011010059 91011010069 91011010079 91010110019 91010110029 91010110039 91010110049 91010210049 91010310029 91010310039 91010310049 91010410019 91010410039 91010510039 91010510049 91010510059 91010610019 91010610039 91010610059 91010610069 91010710019 91010710029 91010810019 91010810029 91010810039 91010810049 91010910019 91010910049 91010910059 91011010029 91011010089 91011110019 91011110039 91011410019 91011410039 91011610019 91011610029 91011610039 91011610049 91011710029 91011710039 91011910019 91011910049 91011910069 91011010060 91010510045 91120410010 91120410069,91011110020 91010610040 91011410040 91011210010 91011210020 91011110030 91011410020 91011210030 91011910010 91011110010 91011410030 91011810040 91010510010 91011910060 91010110020 91010110010 91010910030 91010510020 91010910020 91010210010 91010410030 91011810060 91011810020 91010510060 91010210020 91010110030 91011810010 91010110025 91010110040 91011910020 91011810030 91010210040 91010410020 91010210030 91010110050 91010510050 91010810010 91010510040 91010610050 91010810040 91010410010 91011810050 91011610030 91011610040 91011610010 91011010010 91011610035 91011010080 91011010070 91011610020 91010910010 91010810030 91010610060 91011910040 91010810020 91010610030 91010510030 91010710010 91011910030 91010510070 91010610020 91010810060 91010810050 91011910050 91010610010 91010910040 91010910050 91010710020 91011010030 91011410010 91010810065 91010710025 91011410015 91011410025 91010310030 91010310020 91010310010 91010310040 91010310050 91011710030 91011710010 91011710020 91011710040 91011010090 91011010040 91011010050 91011010020 91010510065 91010810015 91010810025 91011010055 91011010065 91011010085 91011210015 91011610015 91011810045 91011910045 91011110018 91011010049 91011010059 91011010069 91011010079 91010110019 91010110029 91010110039 91010110049 91010210049 91010310029 91010310039 91010310049 91010410019 91010410039 91010510039 91010510049 91010510059 91010610019 91010610039 91010610059 91010610069 91010710019 91010710029 91010810019 91010810029 91010810039 91010810049 91010910019 91010910049 91010910059 91011010029 91011010089 91011110019 91011110039 91011410019 91011410039 91011610019 91011610029 91011610039 91011610049 91011710029 91011710039 91011910019 91011910049 91011910069 91011010060 91010510045,115,147,145
Angol,92011510040 92011510010 92011510030 92011510020 92010210015 92011510025 92011510035 92011510065 92010110019 92010210019 92010210029 92011310019 92011510019 92011510039 92011510049 92011510069 92011610029 92011610039,92011510040 92010410010 92011510060 92011510070 92011510010 92011510030 92011610020 92011510050 92011310010 92011610010 92010210020 92010210010 92011510020 92010310010 92010110010 92010210015 92010310015 92010410015 92011510015 92011510025 92011510035 92011610025 92011510065 92010110019 92010210019 92010210029 92010410019 92011310019 92011510019 92011510039 92011510049 92011510069 92011610029 92011610039 92011610030,92011510040 92010410010 92011510060 92011510070 92011510010 92011510030 92011610020 92011510050 92011310010 92011610010 92010210020 92010210010 92011510020 92010310010 92010110010 92010210015 92010310015 92010410015 92011510015 92011510025 92011510035 92011610025 92011510065 92010110019 92010210019 92010210029 92010410019 92011310019 92011510019 92011510039 92011510049 92011510069 92011610029 92011610039 92011610030,18,35,35
Estación Central,13106101004 13106081005 13106131003 13106101003 13106081006 13106051001 13106091002 13106101001 13106091001 13106081002 13106051002 13106011001 13106061002 13106051003 13106081003 13106061001 13106071001 13106081004 13106041001 13106041002 13106141001 13106131001 13106131004 13106131002 13106111002 13106101005 13106101002 13106031001 13106141002 13106071002 13106071003 13106031002 13106061003 13106061004 13106031003,13101241002 13101251001 13102011002 13102041006 13102041002 13102041005 13101291001 13106101004 13106081005 13106131003 13106101003 13106081006 13106051001 13106091002 13106101001 13106091001 13106081002 13106051002 13106011001 13106081001 13106061002 13106051003 13106081003 13106061001 13106071001 13106081004 13106041001 13106021001 13106041002 13106141001 13106121002 13106111004 13106111003 13106111001 13106131001 13106131004 13106131002 13106111002 13106101005 13106101002 13106031001 13106141002 13106071002 13106071003 13106031002 13106121001 13106021002 13106061003 13106061004 13106031003 13119211001 13119221001 13119221002,13106101004 13106081005 13106131003 13106101003 13106081006 13106051001 13106091002 13106101001 13106091001 13106081002 13106051002 13106011001 13106081001 13106061002 13106051003 13106081003 13106061001 13106071001 13106081004 13106041001 13106021001 13106041002 13106141001 13106121002 13106111004 13106111003 13106111001 13106131001 13106131004 13106131002 13106111002 13106101005 13106101002 13106031001 13106141002 13106071002 13106071003 13106031002 13106121001 13106021002 13106061003 13106061004 13106031003,35,53,43
La Pintana,13112071001 13112051007 13112071005 13112071002 13112051006 13112071003 13112071004 13112071006 13112051008 13112081002 13112051001 13112041007 13112051011 13112041001 13112041005 13112041002 13112041006 13112051002 13112041003 13112081005 13112031002 13112061003 13112081004 13112021003 13112031003 13112051005 13112081001 13112081007 13112081006 13112081008 13112081009 13112081003 13112021001 13112021002 13112021004 13112061001 13112051004 13112061002,13112071001 13112051007 13112071005 13112071002 13112051006 13112071003 13112051009 13112071004 13112071006 13110141002 13112031005 13112051010 13112051008 13112051003 13112081002 13112051001 13112041007 13112051011 13112041001 13112041005 13112041002 13112041006 13112051002 13112041004 13112041003 13112081005 13112031002 13112061003 13112081004 13112021003 13112031003 13112011001 13112051005 13112081001 13112081007 13112081006 13112081008 13112081009 13112081003 13112011003 13112011002 13112021001 13112031001 13112021002 13112021004 13112031004 13112061001 13112051004 13112061002 13131041003 13131051003 13131041002 13201071007 13201071005 13201161007 13201071001 13201061001 13201061006,13112071001 13112051007 13112071005 13112071002 13112051006 13112071003 13112051009 13112071004 13112071006 13112031005 13112051010 13112051008 13112051003 13112081002 13112051001 13112041007 13112051011 13112041001 13112041005 13112041002 13112041006 13112051002 13112041004 13112041003 13112081005 13112031002 13112061003 13112081004 13112021003 13112031003 13112011001 13112051005 13112081001 13112081007 13112081006 13112081008 13112081009 13112081003 13112011003 13112011002 13112021001 13112031001 13112021002 13112021004 13112031004 13112061001 13112051004 13112061002,38,58,48
San Ramón,13131031003 13131071001 13131051001 13131071002 13131071003 13131071004 13131041001 13131011003 13131031002 13131011002 13131011004 13131061002 13131021001 13131021002 13131031001,13109031003 13109031001 13109031002 13109041002 13109051003 13111011001 13111081004 13131031003 13131071001 13131051001 13131071002 13131041003 13131051002 13131071003 13131051004 13131071004 13131051003 13131041001 13131041002 13131011003 13131031002 13131011001 13131011002 13131011004 13131061002 13131021001 13131021002 13131061001 13131031001,13131031003 13131071001 13131051001 13131071002 13131041003 13131051002 13131071003 13131051004 13131071004 13131051003 13131041001 13131041002 13131011003 13131031002 13131011001 13131011002 13131011004 13131061002 13131021001 13131021002 13131061001 13131031001,15,29,22
Victoria,92110110010 92110510020 92110510040 92110410025 92110110029 92110410029 92110510019 92110510029 92110210019 92110410019,92110210010 92110410010 92110110020 92110110010 92110410020 92111710010 92110510020 92110510010 92110510030 92110510040 92110310010 92110410025 92110510045 92110110029 92110410029 92110510019 92110510029 92110210019 92110410019 92110510039,92110210010 92110410010 92110110020 92110110010 92110410020 92111710010 92110510020 92110510010 92110510030 92110510040 92110310010 92110410025 92110510045 92110110029 92110410029 92110510019 92110510029 92110210019 92110410019 92110510039,10,20,20
Antofagasta,21010110170 21010110160 21010110150 21010110180 21010110130 21010110200 21010110050 21010110210 21010110080 21010110140 21010110030 21010110220 21011410020 21010410020 21011410030 21011610020 21010410040 21010210010 21010410010 21011710040 21011710030 21011610030 21010410050 21011510020 21011510030 21011810030 21010110100 21011410080 21010110020 21011410070 21011410050 21011410040 21011410090 21011610050 21010210020 21011410010 21010110120 21011610010 21011610040 21010110090 21010310030 21011810010 21010310010 21010310020 21011810020 21010310060 21010510020 21010710010 21010610030 21010310040 21010510030 21011410060 21010110110 21010210040 21011510010 21010210030 21010410030 21010810030 21010910020 21010810020 21010910040 21010910090 21010910095 21010910070 21010910030 21010910080 21010910060 21010910050 21011010030 21011010015 21010210025 21010210035 21010210045 21010310045 21010310055 21010410055 21010510015 21010610020 21010810040 21010710040 21010710047 21010710045 21010710050 21010710020 21010810010 21010710015 21010710055 21010810015 21010810025 21010910025 21010910045 21010910075 21011510015 21011510035 21011710025 21011710035 21011710045 21011810015 21011810017 21011810025 21011810035 21011410098 21010110019 21010110029 21010110039 21010110109 21010110139 21010110149 21010110169 21010110179 21010110189 21010210019 21010210029 21010210039 21010210049 21010310049 21010310059 21010410019 21010410049 21010410059 21010510039 21010610019 21010610039 21010710019 21010710039 21010710049 21010810019 21010810029 21010910019 21010910029 21010910109 21011410019 21011410029 21011410049 21011410089 21011410099 21011510029 21011510039 21011610029 21011610039 21011610049 21011610059 21011710029 21011710049 21011810019 21011810029 21011810039,21010110170 21010110160 21010110150 21010110190 21010110180 21010110130 21010110200 21010110050 21010110210 21010110080 21010110140 21010110030 21010110220 21011410020 21010410020 21011410030 21011610020 21010410040 21010210010 21010410010 21011710040 21011710030 21011610030 21011710020 21011710010 21010410050 21011510020 21011510030 21011510040 21011810030 21010110100 21011410080 21010110020 21011410070 21010110010 21011410050 21011410040 21011410090 21011610050 21010210020 21011410010 21010110120 21011610010 21011610040 21010110090 21010310030 21011810010 21010310010 21010310020 21011810020 21011810040 21010310050 21010310060 21010510010 21010510020 21010710010 21010610030 21010610010 21010310040 21010510030 21011410060 21010110110 21010110040 21010210050 21010210040 21011510010 21010210030 21010410030 21010910010 21010710030 21010810030 21010910020 21010510025 21010810020 21010910040 21010910090 21010910095 21010910100 21010910070 21010910030 21010910080 21010910060 21010910050 21011010030 21011010010 21011010015 21011010020 21010110045 21010210025 21010210035 21010210045 21010310045 21010310055 21010410055 21010510015 21010610020 21010810040 21010710040 21010710047 21010710045 21010710050 21010710020 21010810010 21010510035 21010710015 21010710035 21010710055 21010810015 21010810025 21010910025 21010910045 21010910075 21011010025 21011410095 21011510015 21011510035 21011710025 21011710035 21011710045 21011810015 21011810017 21011810025 21011810035 21011810045 21011410098 21011710015 21011810048 21010110019 21010110029 21010110039 21010110049 21010110109 21010110139 21010110149 21010110169 21010110179 21010110189 21010210019 21010210029 21010210039 21010210049 21010310049 21010310059 21010410019 21010410049 21010410059 21010510029 21010510039 21010610019 21010610039 21010710019 21010710039 21010710049 21010810019 21010810029 21010910019 21010910029 21010910059 21010910109 21011010029 21011410019 21011410029 21011410049 21011410089 21011410099 21011510029 21011510039 21011510049 21011610019 21011610029 21011610039 21011610049 21011610059 21011710019 21011710029 21011710049 21011810019 21011810029 21011810039 21011810049,21010110170 21010110160 21010110150 21010110190 21010110180 21010110130 21010110200 21010110050 21010110210 21010110080 21010110140 21010110030 21010110220 21011410020 21010410020 21011410030 21011610020 21010410040 21010210010 21010410010 21011710040 21011710030 21011610030 21011710020 21011710010 21010410050 21011510020 21011510030 21011510040 21011810030 21010110100 21011410080 21010110020 21011410070 21010110010 21011410050 21011410040 21011410090 21011610050 21010210020 21011410010 21010110120 21011610010 21011610040 21010110090 21010310030 21011810010 21010310010 21010310020 21011810020 21011810040 21010310050 21010310060 21010510010 21010510020 21010710010 21010610030 21010610010 21010310040 21010510030 21011410060 21010110110 21010110040 21010210050 21010210040 21011510010 21010210030 21010410030 21010910010 21010710030 21010810030 21010910020 21010510025 21010810020 21010910040 21010910090 21010910095 21010910100 21010910070 21010910030 21010910080 21010910060 21010910050 21011010030 21011010010 21011010015 21011010020 21010110045 21010210025 21010210035 21010210045 21010310045 21010310055 21010410055 21010510015 21010610020 21010810040 21010710040 21010710047 21010710045 21010710050 21010710020 21010810010 21010510035 21010710015 21010710035 21010710055 21010810015 21010810025 21010910025 21010910045 21010910075 21011010025 21011410095 21011510015 21011510035 21011710025 21011710035 21011710045 21011810015 21011810017 21011810025 21011810035 21011810045 21011410098 21011810048 21010110019 21010110029 21010110039 21010110049 21010110109 21010110139 21010110149 21010110169 21010110179 21010110189 21010210019 21010210029 21010210039 21010210049 21010310049 21010310059 21010410019 21010410049 21010410059 21010510029 21010510039 21010610019 21010610039 21010710019 21010710039 21010710049 21010810019 21010810029 21010910019 21010910029 21010910059 21010910109 21011010029 21011410019 21011410029 21011410049 21011410089 21011410099 21011510029 21011510039 21011610019 21011610029 21011610039 21011610049 21011610059 21011710019 21011710029 21011710049 21011810019 21011810029 21011810039 21011810049,147,180,178
Cerrillos,13102031005 13102031003 13102021003 13102041001 13102041003 13102041004 13102031006 13102031002 13102031007 13102031004 13102021002 13102021001 13102011004 13102021004 13102011003,13102031005 13102031003 13102021003 13102041001 13102041003 13102011002 13102041006 13102041004 13102041002 13102031001 13102041005 13102031006 13102031002 13102031007 13102031004 13102021002 13102021001 13102011004 13102021004 13102011001 13102011003 13119151001 13119021008 13119021007 13119021009 13401111003,13102031005 13102031003 13102021003 13102041001 13102041003 13102011002 13102041006 13102041004 13102041002 13102031001 13102041005 13102031006 13102031002 13102031007 13102031004 13102021002 13102021001 13102011004 13102021004 13102011001 13102011003,15,26,21
Mejillones,21020110020 21020110015 21020110018 21020110025 21020110029,21020110010 21020110020 21020110015 21020110018 21020110025 21020110019 21020110029,21020110010 21020110020 21020110015 21020110018 21020110025 21020110019 21020110029,5,7,7
Quilicura,13125041007 13125041006 13125041005 13125021013 13125041011 13125041012 13125021009 13125021021 13125021020 13125021007 13125021008 13125041003 13125041010 13125041015 13125021015 13125041002 13125021017 13125041009 13125021010 13125021006 13125021001 13125021014 13125041004 13125041013 13125021004 13125041014 13125011001 13125021012 13125021005 13125011006 13125021016 13125041008 13125021019 13125041001 13125021011 13125021002 13125011005 13125011002 13125011004 13125011008,13125041007 13125041006 13125041005 13125021013 13125041011 13125041012 13125021009 13125021021 13125021020 13125021007 13125021008 13125041003 13125031001 13125041010 13125041015 13125021015 13125041002 13125021017 13125041009 13125021010 13125021006 13125021001 13125021014 13125041004 13125041013 13125021004 13125041014 13125011001 13125021003 13125021012 13125021005 13125011006 13125021016 13125041008 13125021019 13125021018 13125041001 13125021011 13125021002 13125011005 13125011003 13125011002 13125011007 13125011004 13125011008 13128021001 13128071005 13128081001 13128081002,13125041007 13125041006 13125041005 13125021013 13125041011 13125041012 13125021009 13125021021 13125021020 13125021007 13125021008 13125041003 13125031001 13125041010 13125041015 13125021015 13125041002 13125021017 13125041009 13125021010 13125021006 13125021001 13125021014 13125041004 13125041013 13125021004 13125041014 13125011001 13125021003 13125021012 13125021005 13125011006 13125021016 13125041008 13125021019 13125021018 13125041001 13125021011 13125021002 13125011005 13125011003 13125011002 13125011007 13125011004 13125011008,40,49,45
Recoleta,13127121001 13127051003 13127061006 13127121003 13127041001 13127061007 13127041004 13127061001 13127041003 13127061005 13127061002 13127041002 13127111001 13127061004 13127061003 13127131001 13127111004 13127111003 13127051001 13127051002 13127121002 13127021004 13127071001 13127021002 13127021003 13127101002 13127091002 13127111002 13127071004 13127091003 13127071003 13127091001 13127111005 13127131002 13127131003 13127071002 13127031001 13127081003 13127081001 13127081002,13104031004 13104051006 13108051004 13123071001 13123071003 13123071002 13127121001 13127051003 13127061006 13127121003 13127041001 13127061007 13127041004 13127061001 13127041003 13127061005 13127061002 13127041002 13127111001 13127061004 13127061003 13127131001 13127111004 13127111003 13127051001 13127051002 13127121002 13127021004 13127071001 13127021002 13127021001 13127021003 13127011002 13127011001 13127101001 13127101002 13127031002 13127091002 13127111002 13127071004 13127091003 13127071003 13127091001 13127111005 13127131002 13127131003 13127071002 13127031001 13127081003 13127081001 13127081002,13127121001 13127051003 13127061006 13127121003 13127041001 13127061007 13127041004 13127061001 13127041003 13127061005 13127061002 13127041002 13127111001 13127061004 13127061003 13127131001 13127111004 13127111003 13127051001 13127051002 13127121002 13127021004 13127071001 13127021002 13127021001 13127021003 13127011002 13127011001 13127101001 13127101002 13127031002 13127091002 13127111002 13127071004 13127091003 13127071003 13127091001 13127111005 13127131002 13127131003 13127071002 13127031001 13127081003 13127081001 13127081002,40,51,45
Cerro Navia,13103081001 13103011002 13103011006 13103071002 13103071001 13103061002 13103011001 13103081003 13103071003 13103071005 13103061004 13103081002 13103061003 13103051001 13103021001 13103021002 13103021003 13103021004 13103051002 13103021005 13103031001 13103041003 13103041002 13103031002 13103041001 13103031003 13103091001 13103091004 13103091005 13103011005 13103061001 13103071004,13103081001 13103011002 13103011006 13103071002 13103071001 13103061002 13103011001 13103081003 13103071003 13103071005 13103061004 13103011004 13103081002 13103061003 13103051001 13103021001 13103021002 13103021003 13103091002 13103021004 13103051002 13103021005 13103031001 13103041003 13103041002 13103031002 13103041001 13103031003 13103091001 13103091003 13103091004 13103091005 13103011005 13103061001 13103071004 13103011003 13117021001 13124021001 13124021002 13124041005 13126081002,13103081001 13103011002 13103011006 13103071002 13103071001 13103061002 13103011001 13103081003 13103071003 13103071005 13103061004 13103011004 13103081002 13103061003 13103051001 13103021001 13103021002 13103021003 13103091002 13103021004 13103051002 13103021005 13103031001 13103041003 13103041002 13103031002 13103041001 13103031003 13103091001 13103091003 13103091004 13103091005 13103011005 13103061001 13103071004 13103011003,32,41,36
Conchalí,13104041002 13104081004 13104011002 13104031001 13104021003 13104031002 13104071002 13104021004 13104081003 13104031005 13104081002 13104011001 13104031003 13104071003 13104041001 13104041004 13104011003 13104071004 13104071001 13104041003 13104091001 13104091002 13104101003 13104051001 13104101001 13104051003 13104051002 13104051004 13104101002 13104021001 13104021002 13104081001 13104051005 13104061001 13104061003,13104041002 13104081004 13104011002 13104031001 13104021003 13104031002 13104071002 13104021004 13104081003 13104031005 13104081002 13104031004 13104011001 13104031003 13104071003 13104041001 13104041004 13104011003 13104071004 13104071001 13104041003 13104091001 13104091002 13104101003 13104051001 13104101001 13104051003 13104051002 13104051004 13104101002 13104091003 13104021001 13104021002 13104081001 13104051005 13104051006 13104061001 13104061003 13104061002 13108051001 13108041001,13104041002 13104081004 13104011002 13104031001 13104021003 13104031002 13104071002 13104021004 13104081003 13104031005 13104081002 13104031004 13104011001 13104031003 13104071003 13104041001 13104041004 13104011003 13104071004 13104071001 13104041003 13104091001 13104091002 13104101003 13104051001 13104101001 13104051003 13104051002 13104051004 13104101002 13104091003 13104021001 13104021002 13104081001 13104051005 13104051006 13104061001 13104061003 13104061002,35,41,39
La Cisterna,13109021001 13109021004 13109021003 13109021002 13109011001 13109011003 13109041001 13109011002 13109011004 13109061001 13109041003 13109041004 13109061002 13109061003 13109051001 13109061004 13109021005,13109021001 13109021004 13109031003 13109021003 13109021002 13109031001 13109011001 13109031002 13109011003 13109041001 13109041002 13109011002 13109011004 13109061001 13109041003 13109041004 13109061002 13109061003 13109051001 13109051003 13109061004 13109051002 13109021005 13131051001 13131051002 13131051004 13131061001,13109021001 13109021004 13109031003 13109021003 13109021002 13109031001 13109011001 13109031002 13109011003 13109041001 13109041002 13109011002 13109011004 13109061001 13109041003 13109041004 13109061002 13109061003 13109051001 13109051003 13109061004 13109051002 13109021005,17,27,23
La Florida,13110031005 13110061005 13110061002 13110061006 13110031001 13110061008 13110031006 13110211003 13110071003 13110191001 13110031002 13110081002 13110081001 13110031003 13110031004 13110031007 13110191002 13110201003 13110051004 13110071001 13110191003 13110051002 13110191004 13110051005 13110091003 13110011002 13110011004 13110011003 13110051001 13110021001 13110051003 13110061007 13110021005 13110071005 13110091002 13110201004 13110091005 13110171001 13110171002 13110101003 13110101001 13110201005 13110171006 13110171003 13110101004 13110101002 13110101005 13110181003 13110181002 13110171005 13110171004 13110011005 13110021002 13110061004 13110061003 13110061001 13110021004 13110021006 13110021003 13110041001 13110081003 13110091001 13110041002 13110141005 13110111002 13110121001 13110111001 13110161002 13110161001 13110111006 13110111007 13110111005 13110121002 13110161003 13110161004 13110151004 13110151003 13110121003 13110141006 13110111003 13110151005 13110161006 13110111004 13110161005 13110121004 13110141007 13110141004 13110131001 13110141001 13110081004,13110031005 13110061005 13110061002 13110071004 13110061006 13110031001 13110211001 13110061008 13110031006 13110211003 13110211002 13110071003 13110191001 13110031002 13110081002 13110201001 13110081001 13110031003 13110031004 13110031007 13110191002 13110201003 13110201002 13110051004 13110071001 13110191003 13110051002 13110191004 13110051005 13110091003 13110011002 13110071002 13110011001 13110011004 13110011003 13110051001 13110021001 13110211004 13110051003 13110061007 13110021005 13110071005 13110091002 13110201004 13110091005 13110181001 13110171001 13110171002 13110101003 13110101001 13110201005 13110091004 13110171006 13110171003 13110101004 13110101002 13110101005 13110181004 13110181003 13110181002 13110171005 13110171004 13110011005 13110021002 13110061004 13110061003 13110061001 13110021004 13110021006 13110021003 13110041001 13110081003 13110091001 13110041002 13110141005 13110111002 13110131003 13110131002 13110121001 13110111001 13110161002 13110161001 13110111006 13110151001 13110111007 13110111005 13110121002 13110161003 13110161004 13110151004 13110151003 13110151002 13110121003 13110141006 13110111003 13110151005 13110161006 13110111004 13110161005 13110121004 13110141007 13110141004 13110141003 13110131001 13110141001 13110141002 13110081004 13118031003 13122031001 13122031011 13122031010 13122041002 13201121003 13201121004 13201121001 13201121002 13201121005 13201161001 13201161010 13201021001 13201021004 13201021002,13110031005 13110061005 13110061002 13110071004 13110061006 13110031001 13110211001 13110061008 13110031006 13110211003 13110211002 13110071003 13110191001 13110031002 13110081002 13110201001 13110081001 13110031003 13110031004 13110031007 13110191002 13110201003 13110201002 13110051004 13110071001 13110191003 13110051002 13110191004 13110051005 13110091003 13110011002 13110071002 13110011001 13110011004 13110011003 13110051001 13110021001 13110211004 13110051003 13110061007 13110021005 13110071005 13110091002 13110201004 13110091005 13110181001 13110171001 13110171002 13110101003 13110101001 13110201005 13110091004 13110171006 13110171003 13110101004 13110101002 13110101005 13110181004 13110181003 13110181002 13110171005 13110171004 13110011005 13110021002 13110061004 13110061003 13110061001 13110021004 13110021006 13110021003 13110041001 13110081003 13110091001 13110041002 13110141005 13110111002 13110131003 13110131002 13110121001 13110111001 13110161002 13110161001 13110111006 13110151001 13110111007 13110111005 13110121002 13110161003 13110161004 13110151004 13110151003 13110151002 13110121003 13110141006 13110111003 13110151005 13110161006 13110111004 13110161005 13110121004 13110141007 13110141004 13110141003 13110131001 13110141001 13110141002 13110081004 13201021001,90,122,108
La Granja,13111031001 13111031003 13111061001 13111021004 13111021003 13111021001 13111081001 13111061002 13111061003 13111021002 13111011002 13111011003 13111011001 13111071004 13111071005 13111081004 13111071002 13111071001 13111081002 13111071003 13111081003 13111051004 13111041001 13111041003 13111051003 13111051005 13111051002 13111051001 13111041002 13111031002,13110211002 13111031001 13111031003 13111061001 13111021004 13111021003 13111021001 13111081001 13111061002 13111061003 13111021002 13111011002 13111011003 13111011001 13111071004 13111071005 13111081004 13111071002 13111071001 13111081002 13111071003 13111081003 13111051004 13111041001 13111041003 13111051003 13111051005 13112051009 13111051002 13111051001 13111041002 13111031002 13112051010 13112051003 13129051003,13111031001 13111031003 13111061001 13111021004 13111021003 13111021001 13111081001 13111061002 13111061003 13111021002 13111011002 13111011003 13111011001 13111071004 13111071005 13111081004 13111071002 13111071001 13111081002 13111071003 13111081003 13111051004 13111041001 13111041003 13111051003 13111051005 13111051002 13111051001 13111041002 13111031002,30,35,30
Lo Espejo,13116071004 13116021001 13116071003 13116021002 13116031003 13116071005 13116011004 13116011001 13116041002 13116041003 13116041004 13116041001 13116071001 13116031004 13116071002 13116031001 13116031002 13116011002 13116011003,13116071004 13116051002 13116021001 13116071003 13116021002 13116031003 13116071005 13116011004 13116011001 13116061001 13116041002 13116041003 13116061002 13116041004 13116041001 13116061003 13116071001 13116031004 13116071002 13116031001 13116031002 13116051001 13116011002 13116011003 13116011005,13116071004 13116051002 13116021001 13116071003 13116021002 13116031003 13116071005 13116011004 13116011001 13116061001 13116041002 13116041003 13116061002 13116041004 13116041001 13116061003 13116071001 13116031004 13116071002 13116031001 13116031002 13116051001 13116011002 13116011003 13116011005,19,25,25
Lo Prado,13117031002 13117071002 13117051003 13117051002 13117071003 13117051004 13117051001 13117031004 13117031001 13117071004 13117031005 13117071001 13117041003 13117041002 13117041001 13117041004 13117041005 13117021003 13117021005 13117011001 13117011004 13117061001 13117061003 13117011003 13117011002 13117021002 13117061002,13117031002 13117071002 13117031006 13117051003 13117051002 13117071003 13117051004 13117051001 13117031004 13117031003 13117031001 13117071004 13117031005 13117071001 13117041003 13117041002 13117041001 13117041004 13117041005 13117021003 13117021004 13117021005 13117011001 13117011004 13117021001 13117061001 13117061003 13117011003 13117011002 13117021002 13117061002 13126061002 13126061003 13126051001,13117031002 13117071002 13117031006 13117051003 13117051002 13117071003 13117051004 13117051001 13117031004 13117031003 13117031001 13117071004 13117031005 13117071001 13117041003 13117041002 13117041001 13117041004 13117041005 13117021003 13117021004 13117021005 13117011001 13117011004 13117021001 13117061001 13117061003 13117011003 13117011002 13117021002 13117061002,27,34,31
Macul,13118031001 13118051005 13118031005 13118061002 13118061001 13118011001 13118051002 13118051003 13118061003 13118011004 13118051001 13118051004 13118011003 13118061005 13118061006 13118061004 13118041004 13118041002 13118021001 13118041001 13118021002 13118021004 13118041005 13118041003 13118021007 13118021005 13118031006 13118021003 13118021006 13118031004 13118031002 13118031003,13118031001 13118051005 13118031005 13118011002 13118061002 13118061001 13118011001 13118051002 13118051003 13118061003 13118011004 13118051001 13118051004 13118011003 13118061005 13118061006 13118061004 13118041004 13118041002 13118021001 13118041001 13118021002 13118021004 13118041005 13118041003 13118021007 13118021005 13118031006 13118021003 13118021006 13118031004 13118031002 13118031003 13120061001 13120061005 13120061003 13120061004 13120081004 13120071007,13118031001 13118051005 13118031005 13118011002 13118061002 13118061001 13118011001 13118051002 13118051003 13118061003 13118011004 13118051001 13118051004 13118011003 13118061005 13118061006 13118061004 13118041004 13118041002 13118021001 13118041001 13118021002 13118021004 13118041005 13118041003 13118021007 13118021005 13118031006 13118021003 13118021006 13118031004 13118031002 13118031003,32,39,33
Peñalolén,13122021003 13122071001 13122081001 13122081002 13122011004 13122011003 13122091002 13122091004 13122071002 13122021002 13122071004 13122071005 13122061001 13122021004 13122061004 13122081004 13122061002 13122081003 13122061003 13122091001 13122031002 13122031006 13122111003 13122111002 13122111004 13122031003 13122031001 13122031008 13122101003 13122101005 13122101004 13122051001 13122031004 13122051002 13122031005 13122041003 13122051003 13122051005 13122111001 13122041004 13122101002 13122031009 13122111005 13122031007 13122051004 13122041001 13122041005 13122101001,13110071001 13110071002 13110051003 13120041002 13122021003 13122011001 13122091003 13122011002 13122071003 13122021001 13122071001 13122081001 13122081002 13122011004 13122011003 13122091002 13122091004 13122071002 13122021002 13122071004 13122071005 13122061001 13122021004 13122061004 13122081004 13122061002 13122081003 13122061003 13122091001 13122031002 13122031006 13122111003 13122111002 13122111004 13122031003 13122031001 13122031008 13122101003 13122101005 13122101004 13122051001 13122031011 13122031004 13122031010 13122051002 13122031005 13122041003 13122051003 13122051005 13122111001 13122041004 13122101002 13122031009 13122111005 13122031007 13122051004 13122041001 13122041005 13122101001 13122041002,13122021003 13122011001 13122091003 13122011002 13122071003 13122021001 13122071001 13122081001 13122081002 13122011004 13122011003 13122091002 13122091004 13122071002 13122021002 13122071004 13122071005 13122061001 13122021004 13122061004 13122081004 13122061002 13122081003 13122061003 13122091001 13122031002 13122031006 13122111003 13122111002 13122111004 13122031003 13122031001 13122031008 13122101003 13122101005 13122101004 13122051001 13122031011 13122031004 13122031010 13122051002 13122031005 13122041003 13122051003 13122051005 13122111001 13122041004 13122101002 13122031009 13122111005 13122031007 13122051004 13122041001 13122041005 13122101001 13122041002,48,60,56
Puente Alto,13201121006 13201101006 13201101002 13201101005 13201161010 13201111002 13201111001 13201161002 13201101001 13201111004 13201171006 13201191011 13201171003 13201191003 13201161003 13201191012 13201171007 13201071006 13201191002 13201191010 13201191001 13201191009 13201191004 13201071008 13201071005 13201191005 13201171008 13201161006 13201091002 13201091003 13201161008 13201161004 13201161009 13201091001 13201171004 13201081008 13201081003 13201081002 13201171002 13201081001 13201171001 13201071002 13201081004 13201081006 13201171005 13201191008 13201191007 13201191006 13201171009 13201151001 13201011006 13201011001 13201011004 13201011003 13201031004 13201151002 13201011002 13201061003 13201101004 13201161005 13201111003 13201031001 13201071003 13201081007 13201071004 13201141002 13201031005 13201141005 13201181001 13201141006 13201051008 13201181003 13201051006 13201181009 13201141003 13201141008 13201051001 13201051002 13201051005 13201181004 13201141007 13201181008 13201051003 13201181005 13201181007 13201041003 13201041002 13201061007 13201031006 13201041007 13201051007 13201051009 13201151003 13201041004 13201061002 13201061006 13201131001 13201131002 13201131003 13201131004 13201141001 13201041005 13201061004 13201131005 13201061005 13201051010 13201011005 13201051011 13201181002,13110141005 13110131003 13110131002 13112011002 13203061002 13202021001 13201121006 13201121003 13201121004 13201121001 13201121002 13201121005 13201101006 13201101002 13201101005 13201161001 13201161010 13201111002 13201111001 13201161002 13201101001 13201101003 13201111004 13201171006 13201191011 13201171003 13201071007 13201191003 13201031002 13201161003 13201191012 13201171007 13201071006 13201191002 13201191010 13201191001 13201191009 13201191004 13201071008 13201031003 13201071005 13201191005 13201171008 13201161006 13201091002 13201091003 13201091004 13201161008 13201161004 13201161009 13201091001 13201161007 13201081005 13201171004 13201081008 13201081003 13201081002 13201171002 13201081001 13201171001 13201071002 13201071001 13201081004 13201081006 13201171005 13201191008 13201191007 13201031008 13201191006 13201171009 13201151001 13201011006 13201011001 13201011004 13201011003 13201031004 13201151002 13201011002 13201061003 13201101004 13201161005 13201111003 13201031001 13201071003 13201081007 13201071004 13201141002 13201031005 13201141005 13201181001 13201141004 13201141006 13201051008 13201181003 13201051006 13201181009 13201141003 13201141008 13201051001 13201051002 13201051005 13201181004 13201141007 13201181008 13201051003 13201181005 13201181007 13201051004 13201041003 13201041002 13201061007 13201031006 13201031007 13201041006 13201041007 13201051007 13201051009 13201061001 13201151003 13201041001 13201041004 13201061002 13201061006 13201131001 13201131002 13201131003 13201131004 13201141001 13201181006 13201041005 13201061004 13201131005 13201061005 13201051010 13201011005 13201051011 13201181002,13201121006 13201121003 13201121004 13201121001 13201121002 13201121005 13201101006 13201101002 13201101005 13201161001 13201161010 13201111002 13201111001 13201161002 13201101001 13201101003 13201111004 13201171006 13201191011 13201171003 13201071007 13201191003 13201031002 13201161003 13201191012 13201171007 13201071006 13201191002 13201191010 13201191001 13201191009 13201191004 13201071008 13201031003 13201071005 13201191005 13201171008 13201161006 13201091002 13201091003 13201091004 13201161008 13201161004 13201161009 13201091001 13201161007 13201081005 13201171004 13201081008 13201081003 13201081002 13201171002 13201081001 13201171001 13201071002 13201071001 13201081004 13201081006 13201171005 13201191008 13201191007 13201031008 13201191006 13201171009 13201151001 13201011006 13201011001 13201011004 13201011003 13201031004 13201151002 13201011002 13201061003 13201101004 13201161005 13201111003 13201031001 13201071003 13201081007 13201071004 13201141002 13201031005 13201141005 13201181001 13201141004 13201141006 13201051008 13201181003 13201051006 13201181009 13201141003 13201141008 13201051001 13201051002 13201051005 13201181004 13201141007 13201181008 13201051003 13201181005 13201181007 13201051004 13201041003 13201041002 13201061007 13201031006 13201031007 13201041006 13201041007 13201051007 13201051009 13201061001 13201151003 13201041001 13201041004 13201061002 13201061006 13201131001 13201131002 13201131003 13201131004 13201141001 13201181006 13201041005 13201061004 13201131005 13201061005 13201051010 13201011005 13201051011 13201181002,109,137,131
Renca,13128071007 13128021002 13128081004 13128011001 13128071001 13128011003 13128021003 13128021004 13128071010 13128081003 13128071003 13128071008 13128071004 13128061002 13128031002 13128061001 13128031003 13128041001 13128031001 13128071006 13128071009 13128061003 13128011002 13128091001 13128061004 13128061005 13128101001 13128091003 13128051001 13128021005 13128021006 13128071002 13128091004 13128101003 13128101004 13128051002 13128091002 13128101002 13128041002 13128041003,13125021003 13125011003 13125011007 13128021001 13128071007 13128021002 13128081004 13128011001 13128071001 13128011003 13128071005 13128021003 13128021004 13128081001 13128081002 13128071010 13128081003 13128071003 13128071008 13128071004 13128061002 13128031002 13128061001 13128031003 13128041001 13128031001 13128071006 13128071009 13128061003 13128011002 13128091001 13128061004 13128061005 13128101001 13128091003 13128051001 13128021005 13128021006 13128071002 13128091004 13128101003 13128101004 13128051002 13128091002 13128101002 13128041002 13128041003,13128021001 13128071007 13128021002 13128081004 13128011001 13128071001 13128011003 13128071005 13128021003 13128021004 13128081001 13128081002 13128071010 13128081003 13128071003 13128071008 13128071004 13128061002 13128031002 13128061001 13128031003 13128041001 13128031001 13128071006 13128071009 13128061003 13128011002 13128091001 13128061004 13128061005 13128101001 13128091003 13128051001 13128021005 13128021006 13128071002 13128091004 13128101003 13128101004 13128051002 13128091002 13128101002 13128041002 13128041003,40,47,44
San Bernardo,13401101003 13401021001 13401101002 13401031002 13401031003 13401031001 13401021002 13401041001 13401081001 13401041003 13401061006 13401061001 13401061008 13401041002 13401061002 13401101005 13401011001 13401061004 13401051001 13401051003 13401091004 13401061013 13401131001 13401071001 13401071002 13401081006 13401081002 13401081007 13401141001 13401081004 13401141004 13401081008 13401081003 13401141003 13401141005 13401081005 13401061003 13401081009 13401141002 13401061005 13401041004 13401101004 13401051002 13401011002 13401061010 13401061009 13401051005 13401051004 13401061011 13401091001 13401091002 13401061012 13401131002 13401131003 13401131004 13401061007 13401061015 13401091003 13401061014 13401111004 13401111005 13401111002 13401111006 13401101001 13401101006,13105011004 13112011001 13112011003 13112011002 13116011005 13119051001 13119051003 13401101003 13401021001 13401101002 13401031002 13401031003 13401031001 13401021002 13401041001 13401081001 13401041003 13401061006 13401061001 13401061008 13401041002 13401061002 13401101005 13401011001 13401061004 13401051001 13401051003 13401091004 13401061013 13401131001 13401071001 13401071002 13401081006 13401081002 13401081007 13401141001 13401081004 13401141004 13401081008 13401081003 13401141003 13401141005 13401081005 13401061003 13401081009 13401141002 13401121001 13401061005 13401041004 13401101004 13401051002 13401011002 13401061010 13401061009 13401051005 13401051004 13401061011 13401091001 13401091002 13401061012 13401131002 13401131003 13401131004 13401061007 13401061015 13401091003 13401061014 13401111003 13401111001 13401111004 13401111005 13401111002 13401111006 13401101001 13401101006 13201181005,13401101003 13401021001 13401101002 13401031002 13401031003 13401031001 13401021002 13401041001 13401081001 13401041003 13401061006 13401061001 13401061008 13401041002 13401061002 13401101005 13401011001 13401061004 13401051001 13401051003 13401091004 13401061013 13401131001 13401071001 13401071002 13401081006 13401081002 13401081007 13401141001 13401081004 13401141004 13401081008 13401081003 13401141003 13401141005 13401081005 13401061003 13401081009 13401141002 13401121001 13401061005 13401041004 13401101004 13401051002 13401011002 13401061010 13401061009 13401051005 13401051004 13401061011 13401091001 13401091002 13401061012 13401131002 13401131003 13401131004 13401061007 13401061015 13401091003 13401061014 13401111003 13401111001 13401111004 13401111005 13401111002 13401111006 13401101001 13401101006,65,76,68
San Joaquín,13129011005 13129011004 13129071001 13129071002 13129021002 13129021001 13129071003 13129071005 13129021003 13129021004 13129071004 13129061001 13129031001 13129031002 13129031003 13129061002 13129031004 13129041001 13129051002 13129061003 13129051001 13129041002 13129041003 13129051004 13129051003,13110211004 13129011003 13129011002 13129011001 13129011005 13129011004 13129071001 13129071002 13129021002 13129021001 13129071003 13129071005 13129021003 13129021004 13129071004 13129061001 13129031001 13129031002 13129031003 13129061002 13129031004 13129041001 13129051002 13129061003 13129051001 13129041002 13129041003 13129051004 13129051003,13129011003 13129011002 13129011001 13129011005 13129011004 13129071001 13129071002 13129021002 13129021001 13129071003 13129071005 13129021003 13129021004 13129071004 13129061001 13129031001 13129031002 13129031003 13129061002 13129031004 13129041001 13129051002 13129061003 13129051001 13129041002 13129041003 13129051004 13129051003,25,29,28
San Miguel,13130061001 13130011001 13130061004 13130061002 13130061003 13130011002 13130051004 13130051001 13130021001 13130021003 13130051002 13130021002 13130051003 13130041004 13130041001 13130031001 13130031003 13130031002 13130041003 13130041002 13130071001 13130071002 13130071003 13130071004,13130061001 13130011001 13130061004 13130061002 13130061003 13130011002 13130051004 13130051001 13130021001 13130021003 13130051002 13130021002 13130051003 13130041004 13130041001 13130031001 13130031003 13130031002 13130041003 13130041002 13130071001 13130071002 13130071003 13130071004 13131011001,13130061001 13130011001 13130061004 13130061002 13130061003 13130011002 13130051004 13130051001 13130021001 13130021003 13130051002 13130021002 13130051003 13130041004 13130041001 13130031001 13130031003 13130031002 13130041003 13130041002 13130071001 13130071002 13130071003 13130071004,24,25,24
Alto Hospicio,11070410010 11070210010 11070410050 11070410070 11070410075 11070410060 11070410040 11070210020 11070410030 11070410020 11070310030 11070110010 11070110030 11070310020 11070110035 11070310015 11070310035 11070410025 11070110020 11070110029 11070110039 11070210019 11070210029 11070210039 11070210049 11070210069 11070310019 11070310029 11070310039 11070410019 11070410029 11070410039 11070410059 11070410079 11070210050 11070210040 11070210060 11070210080 11070210030 11070210070 11070310010,11070410010 11070210010 11070410050 11070410070 11070410075 11070410060 11070410040 11070210020 11070410030 11070410020 11070310030 11070110010 11070110030 11070310020 11070110035 11070310015 11070310035 11070410025 11070110020 11070110019 11070110029 11070110039 11070210019 11070210029 11070210039 11070210049 11070210069 11070210089 11070310019 11070310029 11070310039 11070410019 11070410029 11070410039 11070410059 11070410079 11070210050 11070210040 11070210060 11070210080 11070210030 11070210070 11070310010,11070410010 11070210010 11070410050 11070410070 11070410075 11070410060 11070410040 11070210020 11070410030 11070410020 11070310030 11070110010 11070110030 11070310020 11070110035 11070310015 11070310035 11070410025 11070110020 11070110019 11070110029 11070110039 11070210019 11070210029 11070210039 11070210049 11070210069 11070210089 11070310019 11070310029 11070310039 11070410019 11070410029 11070410039 11070410059 11070410079 11070210050 11070210040 11070210060 11070210080 11070210030 11070210070 11070310010,41,43,43
Buin,13402041002 13402011002 13402011003 13402041001 13402011010 13402011006 13402011007 13402021002 13402011001 13402041003 13402031001 13402021003 13402061001 13402011005 13402031002 13402011004 13402021001 13402011008 13402011009,13402041002 13402011002 13402011003 13402041001 13402011010 13402011006 13402011007 13402021002 13402011001 13402041003 13402031001 13402021003 13402061001 13402011005 13402031002 13402051002 13402011004 13402021001 13402011008 13402051001 13402011009,13402041002 13402011002 13402011003 13402041001 13402011010 13402011006 13402011007 13402021002 13402011001 13402041003 13402031001 13402021003 13402061001 13402011005 13402031002 13402051002 13402011004 13402021001 13402011008 13402051001 13402011009,19,21,21
Colina,13301041001 13301011004 13301011012 13301061005 13301011015 13301031003 13301051001 13301061004 13301021004 13301021002 13301011002 13301011003 13301011005 13301011010 13301011014 13301061001 13301061002 13301061003 13301061008 13301061009 13301031001 13301061006 13301061007 13301011006 13301011009 13301011001 13301011008 13301011007 13301011011 13301021003 13301021001 13301031002 13301011013 13301021005 13301061010 13301061011,13125031001 13301041001 13301011004 13301011012 13301061005 13301011015 13301031003 13301051001 13301061004 13301021004 13301021002 13301011002 13301011003 13301011005 13301011010 13301011014 13301061001 13301061002 13301061003 13301061008 13301061009 13301031001 13301061006 13301061007 13301011006 13301011009 13301011001 13301011008 13301011007 13301011011 13301021003 13301021001 13301031002 13301011013 13301021005 13301061010 13301061011,13301041001 13301011004 13301011012 13301061005 13301011015 13301031003 13301051001 13301061004 13301021004 13301021002 13301011002 13301011003 13301011005 13301011010 13301011014 13301061001 13301061002 13301061003 13301061008 13301061009 13301031001 13301061006 13301061007 13301011006 13301011009 13301011001 13301011008 13301011007 13301011011 13301021003 13301021001 13301031002 13301011013 13301021005 13301061010 13301061011,36,37,36
Huechuraba,13107011010 13107011007 13107011008 13107021002 13107011005 13107011003 13107011004 13107011001 13107011006 13107011002 13107021001 13107031001 13107031002 13107021003 13107041001 13107041002 13107031003 13107011009 13107041003 13107061001,13107011010 13107011007 13107011008 13107021002 13107011005 13107011003 13107011004 13107011001 13107011006 13107011002 13107021001 13107031001 13107031002 13107021003 13107041001 13107041002 13107031003 13107011009 13107041003 13107061001 13107051001 13125031001 13132031002,13107011010 13107011007 13107011008 13107021002 13107011005 13107011003 13107011004 13107011001 13107011006 13107011002 13107021001 13107031001 13107031002 13107021003 13107041001 13107041002 13107031003 13107011009 13107041003 13107061001 13107051001,20,23,21
Iquique,11010310020 11010310030 11010710020 11010710030 11010310040 11010410010 11011110010 11010410060 11010410020 11010410050 11010410030 11010710040 11010610020 11010610030 11010410040 11010610040 11011010020 11011010010 11011010025 11011010035 11011010030 11010610050 11011010060 11011010050 11010210050 11010210030 11010210040 11010810010 11010310010 11010810040 11010110020 11010810030 11010810020 11011010040 11011110025 11011110020 11010510020 11010510010 11010510030 11011110070 11011110030 11010510050 11010510040 11011110040 11010510060 11011110080 11011110050 11011110110 11011110090 11011110095 11011110140 11011110130 11011110060 11011110125 11010310045 11010310015 11010210055 11011110075 11010810045 11011110015 11010110019 11010210019 11010210039 11010210059 11010310049 11010410029 11010410039 11010510019 11010510029 11010510039 11010510049 11010510059 11010510069 11010610029 11010710019 11010710029 11010710049 11010810039 11010810049 11011010019 11011010029 11011010049 11011010069 11011110019 11011110029 11011110099 11011110119 11011110129,11010110010 11010310020 11010310030 11010710010 11010710020 11010710030 11010310040 11010410010 11011110010 11010410060 11010410020 11010410050 11010410030 11010710040 11010610020 11010610030 11010410040 11010610040 11011010020 11011010010 11011010025 11011010035 11011010030 11010610050 11011010060 11011010050 11010210050 11010210010 11010210030 11010210040 11010810010 11010310010 11010810040 11010110020 11010810030 11010810020 11011010040 11010610010 11011110025 11011110020 11010510020 11010510010 11010510030 11011110070 11011110030 11010510050 11010510040 11011110040 11010510060 11011110080 11070110019 11070210089 11011110050 11011110110 11011110100 11011110090 11011110095 11011110140 11011110130 11011110060 11011110120 11011110125 11010310045 11010310015 11010210055 11011110075 11010210025 11010810045 11011110015 11010110019 11010210019 11010210029 11010210039 11010210059 11010310049 11010410029 11010410039 11010510019 11010510029 11010510039 11010510049 11010510059 11010510069 11010610029 11010710019 11010710029 11010710049 11010810039 11010810049 11011010019 11011010029 11011010049 11011010069 11011110019 11011110029 11011110099 11011110119 11011110129,11010110010 11010310020 11010310030 11010710010 11010710020 11010710030 11010310040 11010410010 11011110010 11010410060 11010410020 11010410050 11010410030 11010710040 11010610020 11010610030 11010410040 11010610040 11011010020 11011010010 11011010025 11011010035 11011010030 11010610050 11011010060 11011010050 11010210050 11010210010 11010210030 11010210040 11010810010 11010310010 11010810040 11010110020 11010810030 11010810020 11011010040 11010610010 11011110025 11011110020 11010510020 11010510010 11010510030 11011110070 11011110030 11010510050 11010510040 11011110040 11010510060 11011110080 11011110050 11011110110 11011110100 11011110090 11011110095 11011110140 11011110130 11011110060 11011110120 11011110125 11010310045 11010310015 11010210055 11011110075 11010210025 11010810045 11011110015 11010110019 11010210019 11010210029 11010210039 11010210059 11010310049 11010410029 11010410039 11010510019 11010510029 11010510039 11010510049 11010510059 11010510069 11010610029 11010710019 11010710029 11010710049 11010810039 11010810049 11011010019 11011010029 11011010049 11011010069 11011110019 11011110029 11011110099 11011110119 11011110129,88,98,96
La Reina,13113071001 13113071003 13113071002 13113031004 13113071006 13113031002 13113051003 13113031003 13113021001 13113041004 13113061002 13113051002 13113041003 13113071004 13113051004 13113041001 13113041002 13113021003 13113021002 13113011001 13113011002 13113011003 13113071005,13113011004 13113071001 13113071003 13113071002 13113031004 13113071006 13113031002 13113031001 13113061001 13113061003 13113051001 13113051003 13113031003 13113021001 13113041004 13113061002 13113051002 13113041003 13113071004 13113051004 13113041001 13113041002 13113021003 13113021002 13113011001 13113011002 13113011003 13113071005 13114141003 13120041002 13122011001 13122091003 13122011002 13122071003 13122021001 13120041001 13123051002,13113011004 13113071001 13113071003 13113071002 13113031004 13113071006 13113031002 13113031001 13113061001 13113061003 13113051001 13113051003 13113031003 13113021001 13113041004 13113061002 13113051002 13113041003 13113071004 13113051004 13113041001 13113041002 13113021003 13113021002 13113011001 13113011002 13113011003 13113071005,23,37,28
Lampa,13302031003 13302031001 13302011005 13302031002 13302041001 13302031005 13302011002 13302011001 13302031004 13302011003 13302011004 13302011008 13302011007 13302011006 13302041004 13302041002 13302041003 13302041005 13302011009 13302011010,13125031001 13302031003 13302031001 13302011005 13302031002 13302041001 13302031005 13302011002 13302011001 13302031004 13302011003 13302011004 13302011008 13302011007 13302011006 13302041004 13302041002 13302041003 13302041005 13302011009 13302011010,13302031003 13302031001 13302011005 13302031002 13302041001 13302031005 13302011002 13302011001 13302031004 13302011003 13302011004 13302011008 13302011007 13302011006 13302041004 13302041002 13302041003 13302041005 13302011009 13302011010,20,21,20
Maipú,13119201007 13119201001 13119201008 13119201009 13119201002 13119201010 13119201011 13119071006 13119111003 13119111001 13119111002 13119071014 13119071010 13119011003 13119021001 13119011004 13119071004 13119011005 13119021002 13119071015 13119141004 13119101002 13119071003 13119071012 13119121001 13119071002 13119071005 13119071011 13119091001 13119081002 13119081001 13119131001 13119071013 13119031001 13119031003 13119221003 13119211002 13119211005 13119211004 13119201005 13119211003 13119221004 13119011002 13119141007 13119141001 13119141003 13119141006 13119141012 13119141011 13119021005 13119021004 13119141010 13119141009 13119021007 13119021003 13119011001 13119141008 13119141005 13119021010 13119021006 13119141002 13119101001 13119121003 13119121002 13119201003 13119201004 13119081004 13119171004 13119181006 13119091002 13119171003 13119181001 13119061001 13119161001 13119181007 13119051005 13119031005 13119161002 13119171005 13119171002 13119181002 13119061002 13119181005 13119161003 13119191001 13119051007 13119071009 13119071007 13119071001 13119031004 13119071008 13119081003 13119031002 13119181003 13119051006 13119191004 13119181004 13119171001 13119181008 13119191010 13119051002 13119051008 13119051009 13119191005 13119051004 13119231004 13119231006 13119231001 13119231007 13119231002 13119191002 13119191008 13119191007 13119191003 13119191006 13119191009 13119041001,13102031001 13102011001 13119201006 13119201007 13119201001 13119201008 13119211001 13119201009 13119201002 13119201010 13119201011 13119221001 13119221002 13119071006 13119111003 13119111001 13119111002 13119071014 13119071010 13119011003 13119021001 13119011004 13119071004 13119011005 13119021002 13119071015 13119141004 13119101002 13119071003 13119071012 13119121001 13119071002 13119071005 13119071011 13119091001 13119081002 13119151001 13119081001 13119131001 13119071013 13119031001 13119031003 13119221003 13119211002 13119211005 13119211004 13119201005 13119211003 13119221004 13119011002 13119141007 13119141001 13119141003 13119141006 13119141012 13119021008 13119141011 13119021005 13119021004 13119141010 13119141009 13119021007 13119021003 13119011001 13119141008 13119141005 13119021009 13119021010 13119021006 13119141002 13119101001 13119121003 13119121002 13119201003 13119201004 13119081004 13119171004 13119181006 13119091002 13119171003 13119181001 13119061001 13119161001 13119181007 13119051005 13119031005 13119161002 13119171005 13119051001 13119171002 13119181002 13119061002 13119181005 13119161003 13119191001 13119051007 13119071009 13119071007 13119071001 13119031004 13119071008 13119081003 13119031002 13119181003 13119051006 13119191004 13119181004 13119171001 13119181008 13119191010 13119051002 13119051008 13119051003 13119051009 13119191005 13119051004 13119231004 13119231006 13119231001 13119231007 13119231003 13119231005 13119231002 13119231008 13119191002 13119191008 13119191007 13119191003 13119191006 13119191009 13119041001 13124061020 13604011001 13604031001 13604031004,13119201006 13119201007 13119201001 13119201008 13119211001 13119201009 13119201002 13119201010 13119201011 13119221001 13119221002 13119071006 13119111003 13119111001 13119111002 13119071014 13119071010 13119011003 13119021001 13119011004 13119071004 13119011005 13119021002 13119071015 13119141004 13119101002 13119071003 13119071012 13119121001 13119071002 13119071005 13119071011 13119091001 13119081002 13119151001 13119081001 13119131001 13119071013 13119031001 13119031003 13119221003 13119211002 13119211005 13119211004 13119201005 13119211003 13119221004 13119011002 13119141007 13119141001 13119141003 13119141006 13119141012 13119021008 13119141011 13119021005 13119021004 13119141010 13119141009 13119021007 13119021003 13119011001 13119141008 13119141005 13119021009 13119021010 13119021006 13119141002 13119101001 13119121003 13119121002 13119201003 13119201004 13119081004 13119171004 13119181006 13119091002 13119171003 13119181001 13119061001 13119161001 13119181007 13119051005 13119031005 13119161002 13119171005 13119051001 13119171002 13119181002 13119061002 13119181005 13119161003 13119191001 13119051007 13119071009 13119071007 13119071001 13119031004 13119071008 13119081003 13119031002 13119181003 13119051006 13119191004 13119181004 13119171001 13119181008 13119191010 13119051002 13119051008 13119051003 13119051009 13119191005 13119051004 13119231004 13119231006 13119231001 13119231007 13119231003 13119231005 13119231002 13119231008 13119191002 13119191008 13119191007 13119191003 13119191006 13119191009 13119041001,117,135,129
Padre Hurtado,13604031002 13604041004 13604041002 13604041003 13604041006 13604041001,13119231005 13119231008 13604011001 13604031001 13604031004 13604031002 13604041004 13604041002 13604031003 13604041003 13604041006 13604041001 13604041005,13604011001 13604031001 13604031004 13604031002 13604041004 13604041002 13604031003 13604041003 13604041006 13604041001 13604041005,6,13,11
Pudahuel,13124041001 13124021005 13124101002 13124101003 13124101001 13124041002 13124041004 13124041003 13124021003 13124101004 13124021006 13124031002 13124031001 13124051004 13124051003 13124021004 13124061024 13124071003 13124061023 13124061018 13124061022 13124061006 13124061019 13124061007 13124061012 13124071002 13124061021 13124061011 13124061008 13124061010 13124061009 13124071001 13124061013 13124061001 13124061004 13124031004 13124061003 13124061002 13124061014 13124061005 13124061015 13124061016 13124061017 13124051002 13124051001 13124031003 13124091002 13124091001 13124091003 13124011001 13124011003 13124011002 13124091005 13124091004 13124011004 13124071004 13124071005 13124081001,13103091002 13103091003 13106081001 13119201006 13124041001 13124021001 13124021002 13124041005 13124021005 13124101002 13124101003 13124101001 13124041002 13124041004 13124041003 13124021003 13124101004 13124021006 13124031002 13124031001 13124051004 13124051003 13124021004 13124061024 13124071003 13124061023 13124061018 13124061022 13124061006 13124061019 13124061007 13124061012 13124071002 13124061021 13124061011 13124061008 13124061010 13124061009 13124061020 13124071001 13124061013 13124061001 13124061004 13124031004 13124061003 13124061002 13124061014 13124061005 13124061015 13124061016 13124061017 13124051002 13124051001 13124031003 13124091002 13124091001 13124091003 13124011001 13124011003 13124011002 13124091005 13124091004 13124011004 13124071004 13124071005 13124081001 13125021018,13124041001 13124021001 13124021002 13124041005 13124021005 13124101002 13124101003 13124101001 13124041002 13124041004 13124041003 13124021003 13124101004 13124021006 13124031002 13124031001 13124051004 13124051003 13124021004 13124061024 13124071003 13124061023 13124061018 13124061022 13124061006 13124061019 13124061007 13124061012 13124071002 13124061021 13124061011 13124061008 13124061010 13124061009 13124061020 13124071001 13124061013 13124061001 13124061004 13124031004 13124061003 13124061002 13124061014 13124061005 13124061015 13124061016 13124061017 13124051002 13124051001 13124031003 13124091002 13124091001 13124091003 13124011001 13124011003 13124011002 13124091005 13124091004 13124011004 13124071004 13124071005 13124081001,58,67,62
Lonquimay,92050110010 92050110015 92050110019,92050110010 92050110015 92050110019,92050110010 92050110015 92050110019,3,3,3
Calama,22010110010 22010510011 22010110020 22011210020 22010510030 22011210030 22010110030 22011210040 22010510020 22010110041 22010110045 22010610010 22011110050 22010810010 22010710010 22011110030 22011010010 22011010020 22010910010 22010910040 22010910020 22010910030 22010810020 22010610020 22010810025 22010710015 22010710020 22010610025 22010710025 22010710030 22010710050 22010610015 22010710055 22010910015 22011010015 22011210035 22010110029 22010110039 22010110049 22010510029 22010510039 22010610029 22010710019 22010710029 22010710059 22010810019 22010810029 22010910019 22010910039 22011010019 22011110029 22011110039 22011110049 22011110059 22011210029 22011210049 22011410019,22010110010 22010510010 22010510011 22011210010 22010110020 22011210020 22010510030 22011210030 22010110030 22011210040 22011410010 22011110020 22010510020 22010110040 22010110041 22010110045 22010610010 22011110050 22010810010 22010710010 22011110040 22011110030 22011010010 22011010020 22010910010 22010910040 22010910050 22010910020 22010910030 22010810020 22010610020 22010810025 22010810030 22010710015 22010710020 22010710045 22010610025 22010710025 22010710040 22010710030 22010710050 22011410020 22011110010 22010810035 22011110060 22011110070 22010610015 22010710055 22010910015 22011010015 22011110025 22011210035 22010110029 22010110039 22010110049 22010510019 22010510029 22010510039 22010610029 22010710019 22010710029 22010710059 22010810019 22010810029 22010910019 22010910039 22011010019 22011110029 22011110039 22011110049 22011110059 22011110079 22011210019 22011210029 22011210039 22011210049 22011310019 22011410019 22011410029,22010110010 22010510010 22010510011 22011210010 22010110020 22011210020 22010510030 22011210030 22010110030 22011210040 22011410010 22011110020 22010510020 22010110040 22010110041 22010110045 22010610010 22011110050 22010810010 22010710010 22011110040 22011110030 22011010010 22011010020 22010910010 22010910040 22010910050 22010910020 22010910030 22010810020 22010610020 22010810025 22010710015 22010710020 22010710045 22010610025 22010710025 22010710040 22010710030 22010710050 22011410020 22011110070 22010610015 22010710055 22010910015 22011010015 22011110025 22011210035 22010110029 22010110039 22010110049 22010510029 22010510039 22010610029 22010710019 22010710029 22010710059 22010810019 22010810029 22010910019 22010910039 22011010019 22011110029 22011110039 22011110049 22011110059 22011210019 22011210029 22011210039 22011210049 22011410019 22011410029,57,79,72
San Antonio,56010610020 56010510020 56010110040 56010110070 56010110015 56010110075 56010410045 56010510025 56010110049 56010110069 56010110079 56010410019 56010410029 56010410049 56010510019 56010510029 56010510049 56010510059 56010510069 56010510079 56010610019 56010610029 56010510030 56010510070 56010510050 56010510040,56010410030 56010410020 56010610010 56010610020 56010510020 56010410010 56010610030 56010610060 56010410040 56010610040 56010110020 56010110050 56010110030 56010110010 56010110040 56010510080 56010510090 56010110070 56010510010 56010510060 56010110015 56010110025 56010110035 56010110075 56010410045 56010510025 56010110019 56010110039 56010110049 56010110069 56010110079 56010410019 56010410029 56010410039 56010410049 56010510019 56010510029 56010510049 56010510059 56010510069 56010510079 56010510089 56010610019 56010610029 56010610049 56010510030 56010510070 56010510050 56010510040 56010110060 56010610069 56030110025,56010410030 56010410020 56010610010 56010610020 56010510020 56010410010 56010610030 56010610060 56010410040 56010110020 56010110030 56010110010 56010110040 56010510080 56010510090 56010110070 56010510010 56010510060 56010110015 56010110025 56010110035 56010110075 56010410045 56010510025 56010110019 56010110039 56010110049 56010110069 56010110079 56010410019 56010410029 56010410039 56010410049 56010510019 56010510029 56010510049 56010510059 56010510069 56010510079 56010510089 56010610019 56010610029 56010510030 56010510070 56010510050 56010510040 56010110060 56010610069,26,52,48
