fecha;nombre;geo
2020-05-31;Alto Hospicio;[(-70.087788, -20.33663), (-70.03079, -20.314763), (-69.971395, -20.329895), (-69.91303, -20.239082), (-69.891954, -20.058077), (-70.093967, -20.089842), (-70.093967, -20.104028), (-70.102894, -20.127884), (-70.108387, -20.127239), (-70.108387, -20.132397), (-70.102894, -20.140778), (-70.112507, -20.157538), (-70.114567, -20.200719), (-70.118, -20.216829), (-70.116627, -20.231004), (-70.10976, -20.244533), (-70.11388, -20.258061), (-70.11182, -20.267723), (-70.110447, -20.285114), (-70.117313, -20.300571), (-70.118, -20.31345), (-70.107014, -20.330192), (-70.087788, -20.33663)]
2020-05-31;Iquique;[(-70.131647, -20.0583), (-70.131689, -20.05917), (-70.132247, -20.059372), (-70.13289, -20.060017), (-70.133448, -20.059815), (-70.134006, -20.060379), (-70.13568, -20.060984), (-70.136281, -20.06171), (-70.136452, -20.062355), (-70.135594, -20.062032), (-70.134864, -20.062153), (-70.133491, -20.061589), (-70.13465, -20.062959), (-70.134006, -20.063282), (-70.132976, -20.063766), (-70.132118, -20.064532), (-70.132762, -20.065781), (-70.133105, -20.066628), (-70.133234, -20.067071), (-70.133749, -20.067394), (-70.134049, -20.068159), (-70.134221, -20.069127), (-70.133276, -20.069449), (-70.132847, -20.068683), (-70.132161, -20.068925), (-70.131646, -20.070014), (-70.132075, -20.070497), (-70.13156, -20.071223), (-70.130101, -20.0709), (-70.128384, -20.072432), (-70.126925, -20.075012), (-70.126925, -20.076221), (-70.126238, -20.077027), (-70.126324, -20.078398), (-70.127268, -20.08001), (-70.125809, -20.081139), (-70.124436, -20.082267), (-70.123148, -20.084766), (-70.121689, -20.087749), (-70.12229, -20.09057), (-70.122977, -20.092666), (-70.123664, -20.095648), (-70.124865, -20.098631), (-70.126582, -20.102258), (-70.126925, -20.104273), (-70.127268, -20.10661), (-70.128384, -20.108867), (-70.131302, -20.111768), (-70.132676, -20.112574), (-70.133706, -20.114348), (-70.132676, -20.116604), (-70.131388, -20.117249), (-70.130788, -20.119183), (-70.131474, -20.12007), (-70.133362, -20.122246), (-70.133105, -20.124099), (-70.133706, -20.127404), (-70.134907, -20.129982), (-70.135937, -20.132642), (-70.137053, -20.132642), (-70.138255, -20.134173), (-70.137997, -20.138363), (-70.137654, -20.140136), (-70.137826, -20.142634), (-70.139027, -20.142392), (-70.139886, -20.143359), (-70.139971, -20.145132), (-70.141173, -20.146099), (-70.140916, -20.147066), (-70.141688, -20.148114), (-70.142546, -20.149), (-70.143319, -20.150692), (-70.14452, -20.150934), (-70.146151, -20.151417), (-70.147696, -20.151659), (-70.148297, -20.152948), (-70.149155, -20.154721), (-70.150185, -20.155124), (-70.151644, -20.156171), (-70.152245, -20.157783), (-70.152074, -20.159555), (-70.152503, -20.161247), (-70.151644, -20.162698), (-70.152588, -20.163987), (-70.151644, -20.165276), (-70.14937, -20.167653), (-70.148426, -20.168297), (-70.147868, -20.169183), (-70.147052, -20.169224), (-70.146494, -20.169586), (-70.145894, -20.170674), (-70.145636, -20.171923), (-70.144735, -20.172809), (-70.143962, -20.173171), (-70.143405, -20.174178), (-70.143834, -20.175024), (-70.143018, -20.175508), (-70.143233, -20.176273), (-70.142117, -20.176837), (-70.141473, -20.177038), (-70.140787, -20.177159), (-70.140057, -20.177723), (-70.139886, -20.179173), (-70.139971, -20.179858), (-70.139499, -20.180503), (-70.139499, -20.181187), (-70.139843, -20.181792), (-70.139285, -20.182114), (-70.138727, -20.182597), (-70.138598, -20.184007), (-70.138384, -20.184772), (-70.139027, -20.185417), (-70.138341, -20.185538), (-70.138426, -20.186222), (-70.137954, -20.186263), (-70.137868, -20.187028), (-70.138255, -20.187874), (-70.137911, -20.188478), (-70.137396, -20.189404), (-70.137354, -20.190935), (-70.137632, -20.190975), (-70.137675, -20.191257), (-70.137418, -20.191519), (-70.137997, -20.194802), (-70.13877, -20.197742), (-70.1398, -20.199836), (-70.140937, -20.201689), (-70.14289, -20.20032), (-70.143061, -20.200481), (-70.141044, -20.20185), (-70.141109, -20.202072), (-70.144005, -20.204951), (-70.146108, -20.205233), (-70.14716, -20.205294), (-70.147868, -20.203642), (-70.148276, -20.203844), (-70.147632, -20.205253), (-70.148125, -20.205777), (-70.150292, -20.207025), (-70.151387, -20.207629), (-70.151301, -20.208314), (-70.151516, -20.208596), (-70.151902, -20.210046), (-70.152267, -20.210026), (-70.153468, -20.211053), (-70.154455, -20.210992), (-70.155035, -20.210146), (-70.155528, -20.209301), (-70.156386, -20.20918), (-70.156978, -20.208878), (-70.156708, -20.208314), (-70.155249, -20.208234), (-70.155378, -20.207106), (-70.157009, -20.206904), (-70.157009, -20.206059), (-70.155206, -20.206582), (-70.154992, -20.20626), (-70.157095, -20.205575), (-70.155721, -20.203602), (-70.156622, -20.202877), (-70.15821, -20.205616), (-70.159455, -20.205092), (-70.15688, -20.200742), (-70.157566, -20.199906), (-70.161342, -20.206028), (-70.163574, -20.207316), (-70.161514, -20.210055), (-70.158081, -20.20925), (-70.154648, -20.21231), (-70.157222, -20.213599), (-70.158939, -20.215371), (-70.155849, -20.218432), (-70.150528, -20.225358), (-70.147438, -20.230996), (-70.148983, -20.2347), (-70.153274, -20.234539), (-70.152244, -20.237438), (-70.147953, -20.240176), (-70.142631, -20.244042), (-70.13422, -20.259664), (-70.132675, -20.267876), (-70.133533, -20.272546), (-70.131988, -20.277055), (-70.130443, -20.284784), (-70.13113, -20.287843), (-70.133877, -20.289936), (-70.131817, -20.295411), (-70.136021, -20.296013), (-70.138081, -20.306961), (-70.143574, -20.32821), (-70.151814, -20.332717), (-70.153874, -20.339156), (-70.171726, -20.349457), (-70.17928, -20.353319), (-70.182026, -20.366838), (-70.182026, -20.377781), (-70.1731, -20.386148), (-70.165547, -20.39709), (-70.16074, -20.409961), (-70.16692, -20.424762), (-70.162113, -20.438274), (-70.160054, -20.452429), (-70.161427, -20.470442), (-70.169666, -20.470442), (-70.17104, -20.480091), (-70.1628, -20.483307), (-70.16692, -20.492312), (-70.16692, -20.50003), (-70.17516, -20.505175), (-70.187519, -20.523182), (-70.196446, -20.527041), (-70.201939, -20.539258), (-70.195759, -20.546974), (-70.195072, -20.561118), (-70.192326, -20.575904), (-70.193012, -20.595189), (-70.199192, -20.606115), (-70.199192, -20.625395), (-70.193699, -20.629894), (-70.192326, -20.639533), (-70.184773, -20.644673), (-70.184773, -20.656881), (-70.189579, -20.67487), (-70.189579, -20.691572), (-70.197132, -20.706346), (-70.197819, -20.725613), (-70.186146, -20.733962), (-70.186146, -20.742952), (-70.200566, -20.751299), (-70.196446, -20.762215), (-70.189579, -20.776981), (-70.185502, -20.797461), (-70.189794, -20.798905), (-70.195287, -20.80388), (-70.209535, -20.810299), (-70.203183, -20.81415), (-70.196489, -20.81768), (-70.193227, -20.819766), (-70.190995, -20.819284), (-70.185674, -20.822814), (-70.179151, -20.833082), (-70.179837, -20.834687), (-70.179322, -20.836291), (-70.176432, -20.836035), (-70.171969, -20.838602), (-70.160296, -20.851116), (-70.155146, -20.857211), (-70.155146, -20.861061), (-70.152056, -20.861703), (-70.147593, -20.868119), (-70.144847, -20.87261), (-70.143473, -20.879988), (-70.139353, -20.881913), (-70.13798, -20.887687), (-70.140383, -20.897951), (-70.141413, -20.903082), (-70.13695, -20.903403), (-70.137637, -20.908535), (-70.142443, -20.912062), (-70.141757, -20.917194), (-70.13386, -20.920721), (-70.129397, -20.929059), (-70.12665, -20.936755), (-70.128367, -20.946695), (-70.13695, -20.955993), (-70.143817, -20.961443), (-70.146906, -20.967855), (-70.148966, -20.973305), (-70.15446, -20.974267), (-70.158923, -20.980037), (-70.156176, -20.984525), (-70.157206, -20.991256), (-70.165789, -20.997346), (-70.165103, -21.001193), (-70.170252, -21.008564), (-70.173342, -21.014654), (-70.175402, -21.020102), (-70.177462, -21.02523), (-70.171969, -21.027473), (-70.166133, -21.030998), (-70.166819, -21.034843), (-70.163386, -21.040932), (-70.159953, -21.045417), (-70.15549, -21.053107), (-70.1524, -21.061758), (-70.149996, -21.062399), (-70.14519, -21.067525), (-70.14004, -21.072651), (-70.136264, -21.078097), (-70.1318, -21.078097), (-70.125964, -21.086426), (-70.124247, -21.094114), (-70.123217, -21.102121), (-70.121501, -21.106926), (-70.122187, -21.11173), (-70.128024, -21.116214), (-70.126994, -21.121978), (-70.131114, -21.125501), (-70.134547, -21.130305), (-70.130084, -21.132547), (-70.124934, -21.139271), (-70.116694, -21.146636), (-70.114634, -21.15304), (-70.115321, -21.158163), (-70.111201, -21.161685), (-70.109828, -21.17097), (-70.111201, -21.174491), (-70.108454, -21.175772), (-70.103991, -21.179293), (-70.102618, -21.183135), (-70.097811, -21.187937), (-70.094378, -21.19626), (-70.096095, -21.201701), (-70.094378, -21.206182), (-70.095065, -21.209703), (-70.095065, -21.213544), (-70.091975, -21.216744), (-70.087168, -21.223785), (-70.083048, -21.230826), (-70.081332, -21.240106), (-70.084422, -21.246826), (-70.087512, -21.250666), (-70.087168, -21.256425), (-70.083392, -21.257705), (-70.073779, -21.278821), (-70.073436, -21.2833), (-70.068629, -21.289058), (-70.065882, -21.295456), (-70.066226, -21.305692), (-70.069659, -21.318166), (-70.075839, -21.324882), (-70.079615, -21.326161), (-70.083392, -21.3284), (-70.084765, -21.333197), (-70.088198, -21.336715), (-70.097125, -21.338314), (-70.096095, -21.341831), (-70.097811, -21.345349), (-70.097811, -21.348546), (-70.095065, -21.351744), (-70.093348, -21.356221), (-70.092318, -21.361336), (-70.089572, -21.36933), (-70.086482, -21.372527), (-70.087512, -21.376363), (-70.086825, -21.3802), (-70.083392, -21.383397), (-70.080989, -21.388512), (-70.079272, -21.392667), (-70.077555, -21.397782), (-70.074465, -21.401938), (-70.073779, -21.406732), (-70.070346, -21.410568), (-70.066569, -21.418239), (-70.063822, -21.422074), (-70.058948, -21.43043), (-70.041096, -21.425956), (-70.030109, -21.428513), (-70.019123, -21.432987), (-70.008823, -21.437461), (-69.997837, -21.436822), (-69.988224, -21.433626), (-69.979984, -21.434265), (-69.965565, -21.432348), (-69.953892, -21.427234), (-69.940845, -21.424678), (-69.925052, -21.425956), (-69.914753, -21.429791), (-69.90308, -21.427874), (-69.893467, -21.431709), (-69.881107, -21.435544), (-69.873554, -21.434265), (-69.863941, -21.434904), (-69.872867, -21.12715), (-69.833042, -21.100246), (-70.038349, -20.796289), (-70.060322, -20.683914), (-70.045215, -20.532235), (-70.067875, -20.452479), (-70.087788, -20.33663), (-70.107014, -20.330192), (-70.118, -20.31345), (-70.117313, -20.300571), (-70.110447, -20.285114), (-70.11182, -20.267723), (-70.11388, -20.258061), (-70.10976, -20.244533), (-70.116627, -20.231004), (-70.118, -20.216829), (-70.114567, -20.200719), (-70.112507, -20.157538), (-70.102894, -20.140778), (-70.108387, -20.132397), (-70.108387, -20.127239), (-70.102894, -20.127884), (-70.093967, -20.104028), (-70.093967, -20.089842), (-70.131647, -20.0583)]
2020-05-31;Lampa;[(-70.718653, -33.32485), (-70.783069, -33.180454), (-70.791995, -33.173844), (-70.792338, -33.170971), (-70.799205, -33.169246), (-70.800235, -33.17212), (-70.810535, -33.174706), (-70.822208, -33.17758), (-70.825641, -33.184764), (-70.844524, -33.184189), (-70.843494, -33.189648), (-70.85757, -33.210907), (-70.862033, -33.224981), (-70.869929, -33.231586), (-70.879199, -33.229576), (-70.884692, -33.222683), (-70.886752, -33.216364), (-70.893962, -33.215215), (-70.890872, -33.18304), (-70.906665, -33.181603), (-70.924174, -33.187924), (-70.937221, -33.184476), (-70.945804, -33.175568), (-70.955073, -33.173844), (-70.961597, -33.17758), (-70.97018, -33.177293), (-70.975673, -33.18189), (-70.980479, -33.184764), (-70.987346, -33.183614), (-70.992839, -33.185913), (-70.996959, -33.191085), (-70.996959, -33.199416), (-70.999362, -33.208896), (-71.000049, -33.217513), (-70.995929, -33.229863), (-70.985972, -33.247379), (-70.982883, -33.255992), (-70.977733, -33.262308), (-70.973956, -33.27092), (-70.965716, -33.282114), (-70.964, -33.293307), (-70.966746, -33.297325), (-70.978076, -33.297038), (-70.980136, -33.300768), (-70.987689, -33.305646), (-70.998332, -33.307081), (-71.002795, -33.31368), (-71.003482, -33.322573), (-71.001079, -33.33835), (-70.995929, -33.344947), (-70.989406, -33.346955), (-70.986659, -33.351543), (-70.987346, -33.356992), (-70.980823, -33.361867), (-70.977046, -33.367602), (-70.971896, -33.370756), (-70.966746, -33.376776), (-70.960567, -33.380217), (-70.950022, -33.381829), (-70.932512, -33.381829), (-70.928049, -33.377242), (-70.905733, -33.366347), (-70.897836, -33.369501), (-70.888224, -33.375808), (-70.879898, -33.375952), (-70.877752, -33.375235), (-70.876894, -33.372224), (-70.873976, -33.372439), (-70.871572, -33.374948), (-70.860758, -33.375665), (-70.839783, -33.384941), (-70.839483, -33.385299), (-70.838796, -33.385227), (-70.837852, -33.384905), (-70.837466, -33.384188), (-70.83768, -33.383256), (-70.837251, -33.38254), (-70.836136, -33.382002), (-70.834548, -33.381572), (-70.832831, -33.381285), (-70.832531, -33.380748), (-70.832874, -33.380031), (-70.832745, -33.378884), (-70.83223, -33.377774), (-70.830599, -33.377093), (-70.829526, -33.376376), (-70.829269, -33.374906), (-70.828625, -33.374261), (-70.828282, -33.372828), (-70.827552, -33.371932), (-70.826608, -33.371358), (-70.825407, -33.371358), (-70.82472, -33.371036), (-70.824377, -33.370068), (-70.823862, -33.369638), (-70.822832, -33.366735), (-70.822617, -33.365552), (-70.822059, -33.364907), (-70.821029, -33.363079), (-70.820171, -33.362649), (-70.819184, -33.362757), (-70.81721, -33.361896), (-70.815751, -33.361502), (-70.814463, -33.360427), (-70.812189, -33.359817), (-70.811159, -33.359244), (-70.811202, -33.357918), (-70.81073, -33.357452), (-70.809742, -33.356914), (-70.809142, -33.35591), (-70.808455, -33.355444), (-70.807425, -33.354046), (-70.807254, -33.353473), (-70.805751, -33.352899), (-70.804078, -33.351573), (-70.803726, -33.350507), (-70.802266, -33.348428), (-70.801923, -33.347496), (-70.798919, -33.344986), (-70.798576, -33.342763), (-70.797717, -33.339824), (-70.797803, -33.33882), (-70.792482, -33.341186), (-70.75772, -33.333083), (-70.753643, -33.331003), (-70.753086, -33.332222), (-70.735854, -33.329356), (-70.735441, -33.329903), (-70.718653, -33.32485)]
2020-05-31;Colina;[(-70.792338, -33.170971), (-70.791995, -33.173844), (-70.783069, -33.180454), (-70.718653, -33.32485), (-70.706672, -33.321288), (-70.707573, -33.319029), (-70.695857, -33.31971), (-70.682221, -33.326183), (-70.680258, -33.330109), (-70.671523, -33.329993), (-70.665343, -33.328846), (-70.658134, -33.33028), (-70.649207, -33.336877), (-70.647212, -33.341108), (-70.645688, -33.342434), (-70.6416, -33.343223), (-70.640839, -33.342793), (-70.638908, -33.338885), (-70.622771, -33.340032), (-70.619338, -33.343187), (-70.613158, -33.342327), (-70.609382, -33.339745), (-70.600112, -33.339459), (-70.589738, -33.340577), (-70.583043, -33.320354), (-70.584073, -33.316337), (-70.579953, -33.311029), (-70.570281, -33.297543), (-70.559295, -33.289508), (-70.546935, -33.283768), (-70.536635, -33.26999), (-70.528396, -33.259082), (-70.526336, -33.250469), (-70.516723, -33.241855), (-70.50299, -33.234963), (-70.489257, -33.223476), (-70.477584, -33.215434), (-70.459731, -33.183833), (-70.456298, -33.172914), (-70.440505, -33.153945), (-70.432265, -33.132673), (-70.421966, -33.125197), (-70.408233, -33.122897), (-70.395186, -33.120022), (-70.382827, -33.114846), (-70.372527, -33.105068), (-70.379394, -33.097015), (-70.395186, -33.085798), (-70.394843, -33.07803), (-70.39965, -33.075441), (-70.403083, -33.067386), (-70.409949, -33.064221), (-70.412009, -33.057891), (-70.40377, -33.043502), (-70.406859, -33.038897), (-70.405143, -33.03199), (-70.408233, -33.026233), (-70.432952, -33.017021), (-70.440505, -33.017021), (-70.461791, -33.037171), (-70.466254, -33.044941), (-70.471061, -33.056452), (-70.48136, -33.062494), (-70.485137, -33.074578), (-70.500243, -33.079469), (-70.50505, -33.083496), (-70.51329, -33.084359), (-70.516723, -33.077455), (-70.522902, -33.071701), (-70.532172, -33.046668), (-70.555518, -33.032565), (-70.555862, -33.026521), (-70.552772, -33.019612), (-70.552085, -33.012127), (-70.554145, -33.006369), (-70.557921, -33.001187), (-70.560325, -32.994276), (-70.567534, -32.989956), (-70.575088, -32.986501), (-70.583006, -32.979696), (-70.586417, -32.972245), (-70.595687, -32.96706), (-70.597404, -32.961587), (-70.596717, -32.954962), (-70.59809, -32.948623), (-70.60633, -32.938539), (-70.61354, -32.938251), (-70.616286, -32.943438), (-70.622466, -32.942285), (-70.629332, -32.944014), (-70.634826, -32.942573), (-70.642036, -32.944302), (-70.652008, -32.947165), (-70.661622, -32.948894), (-70.670204, -32.950911), (-70.675011, -32.952927), (-70.680848, -32.952927), (-70.689087, -32.951487), (-70.694924, -32.950335), (-70.70076, -32.952927), (-70.71003, -32.953504), (-70.715866, -32.951775), (-70.724106, -32.962722), (-70.737839, -32.967619), (-70.745049, -32.967619), (-70.750199, -32.969635), (-70.752259, -32.9777), (-70.762558, -32.988643), (-70.758095, -32.998434), (-70.756722, -33.00448), (-70.753632, -33.014845), (-70.755349, -33.022617), (-70.754662, -33.029526), (-70.762215, -33.033843), (-70.764962, -33.039599), (-70.761872, -33.047658), (-70.753632, -33.04996), (-70.744362, -33.058593), (-70.750199, -33.084198), (-70.760842, -33.102031), (-70.751572, -33.118135), (-70.759125, -33.124174), (-70.758782, -33.135099), (-70.756035, -33.140561), (-70.749169, -33.143723), (-70.738869, -33.14861), (-70.735436, -33.15867), (-70.734749, -33.163844), (-70.737496, -33.16758), (-70.744706, -33.169879), (-70.750885, -33.173615), (-70.762558, -33.171603), (-70.776291, -33.170166), (-70.792338, -33.170971)]
2020-05-31;Quilicura;[(-70.680258, -33.330109), (-70.682221, -33.326183), (-70.69295, -33.320912), (-70.695857, -33.31971), (-70.707573, -33.319029), (-70.706672, -33.321288), (-70.735441, -33.329903), (-70.735854, -33.329356), (-70.753086, -33.332222), (-70.753643, -33.331003), (-70.75772, -33.333083), (-70.792482, -33.341186), (-70.797803, -33.33882), (-70.797717, -33.339824), (-70.798576, -33.342763), (-70.798919, -33.344986), (-70.801923, -33.347496), (-70.802266, -33.348428), (-70.803726, -33.350507), (-70.801408, -33.351726), (-70.779264, -33.368358), (-70.771625, -33.37531), (-70.765445, -33.378034), (-70.763557, -33.378607), (-70.757162, -33.383839), (-70.751884, -33.385416), (-70.75094, -33.385524), (-70.75124, -33.386527), (-70.751326, -33.387387), (-70.751026, -33.388139), (-70.750167, -33.388964), (-70.74918, -33.389286), (-70.740468, -33.390039), (-70.737035, -33.393693), (-70.736348, -33.392833), (-70.733344, -33.392403), (-70.732658, -33.391687), (-70.731885, -33.391472), (-70.730941, -33.391615), (-70.729997, -33.392403), (-70.729139, -33.392977), (-70.72828, -33.392762), (-70.728624, -33.391973), (-70.728452, -33.391185), (-70.727336, -33.390433), (-70.72562, -33.39011), (-70.724289, -33.390468), (-70.723517, -33.391758), (-70.722701, -33.392296), (-70.721543, -33.392403), (-70.720084, -33.391579), (-70.717122, -33.389716), (-70.715964, -33.389501), (-70.714934, -33.389859), (-70.712745, -33.39097), (-70.710514, -33.38925), (-70.709612, -33.388928), (-70.709441, -33.388283), (-70.707681, -33.387029), (-70.706179, -33.386957), (-70.705063, -33.387208), (-70.704334, -33.38753), (-70.703561, -33.387602), (-70.699613, -33.385559), (-70.696266, -33.381869), (-70.693584, -33.38089), (-70.700222, -33.36608), (-70.698334, -33.365793), (-70.69475, -33.365793), (-70.689048, -33.366112), (-70.692766, -33.352918), (-70.690424, -33.348249), (-70.688319, -33.347469), (-70.686246, -33.341108), (-70.681449, -33.335967), (-70.680258, -33.330109)]
2020-05-31;Huechuraba;[(-70.680258, -33.330109), (-70.681449, -33.335967), (-70.686246, -33.341108), (-70.688319, -33.347469), (-70.690424, -33.348249), (-70.692766, -33.352918), (-70.689048, -33.366112), (-70.681154, -33.367072), (-70.644244, -33.381102), (-70.640017, -33.383575), (-70.627035, -33.393017), (-70.622207, -33.395292), (-70.609657, -33.403699), (-70.607726, -33.395638), (-70.606267, -33.394025), (-70.605366, -33.392915), (-70.602791, -33.390227), (-70.601718, -33.387683), (-70.60219, -33.384852), (-70.601675, -33.382487), (-70.599873, -33.38152), (-70.59777, -33.379836), (-70.596826, -33.376073), (-70.596697, -33.372632), (-70.595238, -33.370768), (-70.595109, -33.368654), (-70.595238, -33.367041), (-70.595581, -33.365822), (-70.597641, -33.364855), (-70.599529, -33.362991), (-70.596568, -33.361701), (-70.593993, -33.358833), (-70.5882, -33.356575), (-70.586311, -33.354281), (-70.581033, -33.350803), (-70.58476, -33.347747), (-70.588536, -33.346026), (-70.589738, -33.340577), (-70.600112, -33.339459), (-70.609382, -33.339745), (-70.613158, -33.342327), (-70.619338, -33.343187), (-70.622771, -33.340032), (-70.638908, -33.338885), (-70.640839, -33.342793), (-70.6416, -33.343223), (-70.643993, -33.342793), (-70.645688, -33.342434), (-70.647212, -33.341108), (-70.649207, -33.336877), (-70.658134, -33.33028), (-70.665343, -33.328846), (-70.671523, -33.329993), (-70.680258, -33.330109)]
2020-05-31;Conchalí;[(-70.700222, -33.36608), (-70.688813, -33.391562), (-70.681871, -33.402924), (-70.681012, -33.402745), (-70.672215, -33.399628), (-70.672086, -33.399914), (-70.668481, -33.399699), (-70.667709, -33.399484), (-70.668138, -33.399126), (-70.667065, -33.399054), (-70.664104, -33.399054), (-70.663889, -33.399341), (-70.663331, -33.399126), (-70.660971, -33.399448), (-70.66067, -33.400918), (-70.658181, -33.400631), (-70.658299, -33.400093), (-70.65772, -33.397549), (-70.657269, -33.393554), (-70.657183, -33.393124), (-70.657462, -33.388878), (-70.65714, -33.386782), (-70.657827, -33.378468), (-70.656818, -33.376426), (-70.681704, -33.36694), (-70.6843, -33.36642), (-70.69475, -33.365793), (-70.698334, -33.365793), (-70.700222, -33.36608)]
2020-05-31;Renca;[(-70.757162, -33.383839), (-70.781798, -33.404736), (-70.782571, -33.405739), (-70.782571, -33.406671), (-70.782313, -33.413836), (-70.778084, -33.41378), (-70.776282, -33.413637), (-70.77435, -33.413745), (-70.773406, -33.414174), (-70.77199, -33.414568), (-70.76993, -33.414533), (-70.765682, -33.413709), (-70.760875, -33.412562), (-70.759974, -33.412491), (-70.755811, -33.412813), (-70.754309, -33.412742), (-70.752378, -33.412276), (-70.75109, -33.412312), (-70.750189, -33.41224), (-70.749374, -33.41224), (-70.746498, -33.412562), (-70.745726, -33.412562), (-70.74328, -33.412276), (-70.742078, -33.412276), (-70.73989, -33.412419), (-70.737143, -33.412276), (-70.73534, -33.412133), (-70.732379, -33.412383), (-70.730234, -33.412742), (-70.728174, -33.413458), (-70.726672, -33.413458), (-70.724826, -33.412706), (-70.722494, -33.411834), (-70.720369, -33.41049), (-70.716464, -33.409792), (-70.714962, -33.40921), (-70.713396, -33.408242), (-70.711121, -33.407848), (-70.708052, -33.407973), (-70.706057, -33.407848), (-70.703954, -33.408135), (-70.702645, -33.409048), (-70.701293, -33.409586), (-70.695092, -33.413598), (-70.693161, -33.415228), (-70.691938, -33.416929), (-70.690243, -33.418559), (-70.685494, -33.420412), (-70.683188, -33.421791), (-70.677083, -33.424083), (-70.675356, -33.425095), (-70.671317, -33.426466), (-70.671142, -33.425527), (-70.672, -33.424847), (-70.674661, -33.421659), (-70.676978, -33.420083), (-70.678867, -33.417217), (-70.680283, -33.405539), (-70.681871, -33.402924), (-70.688813, -33.391562), (-70.693584, -33.38089), (-70.696266, -33.381869), (-70.699613, -33.385559), (-70.703561, -33.387602), (-70.704334, -33.38753), (-70.705063, -33.387208), (-70.706179, -33.386957), (-70.707681, -33.387029), (-70.709441, -33.388283), (-70.709612, -33.388928), (-70.710514, -33.38925), (-70.712745, -33.39097), (-70.714934, -33.389859), (-70.715964, -33.389501), (-70.717122, -33.389716), (-70.721543, -33.392403), (-70.722701, -33.392296), (-70.723517, -33.391758), (-70.724289, -33.390468), (-70.72562, -33.39011), (-70.727336, -33.390433), (-70.728452, -33.391185), (-70.728624, -33.391973), (-70.72828, -33.392762), (-70.729139, -33.392977), (-70.729997, -33.392403), (-70.730941, -33.391615), (-70.731885, -33.391472), (-70.732658, -33.391687), (-70.733344, -33.392403), (-70.736348, -33.392833), (-70.737035, -33.393693), (-70.740468, -33.390039), (-70.74918, -33.389286), (-70.750167, -33.388964), (-70.751026, -33.388139), (-70.751326, -33.387387), (-70.75124, -33.386527), (-70.75094, -33.385524), (-70.751884, -33.385416), (-70.757162, -33.383839)]
2020-05-31;Recoleta;[(-70.658181, -33.400631), (-70.657151, -33.40536), (-70.652774, -33.406506), (-70.652946, -33.407474), (-70.652645, -33.40751), (-70.653117, -33.409802), (-70.653589, -33.409766), (-70.653632, -33.411235), (-70.652602, -33.411235), (-70.652731, -33.415355), (-70.652688, -33.417468), (-70.650113, -33.417719), (-70.650681, -33.421276), (-70.651658, -33.431401), (-70.651658, -33.432368), (-70.635246, -33.435903), (-70.636351, -33.430612), (-70.633904, -33.426565), (-70.633819, -33.425347), (-70.633475, -33.423878), (-70.632574, -33.422589), (-70.629656, -33.419759), (-70.627038, -33.419114), (-70.624721, -33.41804), (-70.616867, -33.411305), (-70.615837, -33.40998), (-70.614078, -33.408905), (-70.612533, -33.408583), (-70.610601, -33.407568), (-70.609314, -33.404416), (-70.609657, -33.403699), (-70.622207, -33.395292), (-70.624932, -33.394128), (-70.627035, -33.393017), (-70.628752, -33.391888), (-70.640017, -33.383575), (-70.644244, -33.381102), (-70.656818, -33.376426), (-70.657827, -33.378468), (-70.657655, -33.380905), (-70.657355, -33.384327), (-70.657226, -33.385331), (-70.65714, -33.386782), (-70.657462, -33.388878), (-70.657183, -33.393124), (-70.657269, -33.393554), (-70.657677, -33.396671), (-70.65772, -33.397549), (-70.658299, -33.400093), (-70.658181, -33.400631)]
2020-05-31;Independencia;[(-70.671228, -33.42585), (-70.671317, -33.426466), (-70.662798, -33.42917), (-70.653013, -33.432035), (-70.651658, -33.432368), (-70.651658, -33.431401), (-70.651272, -33.427211), (-70.650671, -33.421229), (-70.650242, -33.418507), (-70.650113, -33.417719), (-70.652688, -33.417468), (-70.652731, -33.415355), (-70.652602, -33.411235), (-70.653632, -33.411235), (-70.653589, -33.409766), (-70.653117, -33.409802), (-70.652645, -33.40751), (-70.652946, -33.407474), (-70.652774, -33.406506), (-70.657151, -33.40536), (-70.658181, -33.400631), (-70.66067, -33.400918), (-70.660971, -33.399448), (-70.663331, -33.399126), (-70.663889, -33.399341), (-70.664104, -33.399054), (-70.667065, -33.399054), (-70.668138, -33.399126), (-70.667709, -33.399484), (-70.668481, -33.399699), (-70.672086, -33.399914), (-70.672215, -33.399628), (-70.681012, -33.402745), (-70.681871, -33.402924), (-70.680283, -33.405539), (-70.678867, -33.417217), (-70.678094, -33.418579), (-70.676978, -33.420083), (-70.674661, -33.421659), (-70.674017, -33.422375), (-70.672, -33.424847), (-70.671142, -33.425527), (-70.671228, -33.42585)]
2020-05-31;Cerro Navia;[(-70.782313, -33.413836), (-70.782046, -33.417931), (-70.779944, -33.417985), (-70.778377, -33.419167), (-70.778291, -33.419937), (-70.777776, -33.420564), (-70.77739, -33.420851), (-70.776982, -33.422337), (-70.775974, -33.422892), (-70.775116, -33.422928), (-70.771983, -33.424862), (-70.770137, -33.42497), (-70.768936, -33.425131), (-70.767713, -33.425471), (-70.763142, -33.427638), (-70.761941, -33.427782), (-70.761125, -33.42771), (-70.759988, -33.427477), (-70.75737, -33.42737), (-70.756254, -33.427405), (-70.755482, -33.427549), (-70.754473, -33.428014), (-70.752328, -33.428229), (-70.751898, -33.428551), (-70.750568, -33.429125), (-70.749688, -33.429268), (-70.748959, -33.429518), (-70.74662, -33.429966), (-70.74074, -33.429895), (-70.740891, -33.436413), (-70.734754, -33.436431), (-70.730183, -33.436252), (-70.728939, -33.436359), (-70.728145, -33.436664), (-70.727136, -33.437201), (-70.724304, -33.43772), (-70.723724, -33.438597), (-70.722952, -33.438794), (-70.722201, -33.438544), (-70.721569, -33.436713), (-70.720281, -33.430732), (-70.716801, -33.416806), (-70.716635, -33.416368), (-70.715841, -33.415136), (-70.716715, -33.414845), (-70.719425, -33.413284), (-70.721152, -33.412546), (-70.721426, -33.41255), (-70.721978, -33.412281), (-70.722494, -33.411834), (-70.726672, -33.413458), (-70.728174, -33.413458), (-70.730234, -33.412742), (-70.732379, -33.412383), (-70.73534, -33.412133), (-70.73989, -33.412419), (-70.742078, -33.412276), (-70.74328, -33.412276), (-70.745726, -33.412562), (-70.746498, -33.412562), (-70.749374, -33.41224), (-70.750189, -33.41224), (-70.75109, -33.412312), (-70.752378, -33.412276), (-70.754309, -33.412742), (-70.755811, -33.412813), (-70.759974, -33.412491), (-70.760875, -33.412562), (-70.765682, -33.413709), (-70.76993, -33.414533), (-70.77199, -33.414568), (-70.773406, -33.414174), (-70.77435, -33.413745), (-70.776282, -33.413637), (-70.778084, -33.41378), (-70.782313, -33.413836)]
2020-05-31;Pudahuel;[(-70.733781, -33.469817), (-70.731013, -33.467973), (-70.730906, -33.455031), (-70.738953, -33.453529), (-70.73906, -33.4531), (-70.739596, -33.446583), (-70.74039, -33.446064), (-70.740605, -33.445688), (-70.740562, -33.441874), (-70.740891, -33.436413), (-70.74074, -33.429895), (-70.74662, -33.429966), (-70.748959, -33.429518), (-70.749688, -33.429268), (-70.750568, -33.429125), (-70.751898, -33.428551), (-70.752328, -33.428229), (-70.754473, -33.428014), (-70.755482, -33.427549), (-70.756254, -33.427405), (-70.757214, -33.427394), (-70.759988, -33.427477), (-70.761125, -33.42771), (-70.761941, -33.427782), (-70.763142, -33.427638), (-70.767713, -33.425471), (-70.770137, -33.42497), (-70.771983, -33.424862), (-70.774981, -33.422952), (-70.775974, -33.422892), (-70.776982, -33.422337), (-70.77739, -33.420851), (-70.777776, -33.420564), (-70.778291, -33.419937), (-70.778377, -33.419167), (-70.779944, -33.417985), (-70.782046, -33.417931), (-70.782571, -33.406671), (-70.782571, -33.405739), (-70.781798, -33.404736), (-70.757162, -33.383839), (-70.763557, -33.378607), (-70.765445, -33.378034), (-70.771625, -33.37531), (-70.779264, -33.368358), (-70.801408, -33.351726), (-70.803726, -33.350507), (-70.804078, -33.351573), (-70.805751, -33.352899), (-70.807254, -33.353473), (-70.807425, -33.354046), (-70.808455, -33.355444), (-70.809142, -33.35591), (-70.809742, -33.356914), (-70.81073, -33.357452), (-70.811202, -33.357918), (-70.811159, -33.359244), (-70.812189, -33.359817), (-70.814463, -33.360427), (-70.815751, -33.361502), (-70.81721, -33.361896), (-70.819184, -33.362757), (-70.820171, -33.362649), (-70.821029, -33.363079), (-70.822059, -33.364907), (-70.822617, -33.365552), (-70.822832, -33.366735), (-70.823862, -33.369638), (-70.824377, -33.370068), (-70.82472, -33.371036), (-70.825407, -33.371358), (-70.826608, -33.371358), (-70.827552, -33.371932), (-70.828282, -33.372828), (-70.828625, -33.374261), (-70.829269, -33.374906), (-70.829526, -33.376376), (-70.830599, -33.377093), (-70.83223, -33.377774), (-70.832745, -33.378884), (-70.832874, -33.380031), (-70.832531, -33.380748), (-70.832831, -33.381285), (-70.834548, -33.381572), (-70.836136, -33.382002), (-70.837251, -33.38254), (-70.83768, -33.383256), (-70.837466, -33.384188), (-70.837852, -33.384905), (-70.838796, -33.385227), (-70.839483, -33.385299), (-70.839783, -33.384941), (-70.860758, -33.375665), (-70.871572, -33.374948), (-70.873976, -33.372439), (-70.876894, -33.372224), (-70.877752, -33.375235), (-70.879898, -33.375952), (-70.888224, -33.375808), (-70.897836, -33.369501), (-70.905733, -33.366347), (-70.912256, -33.369501), (-70.918436, -33.372081), (-70.928049, -33.377242), (-70.932512, -33.381829), (-70.942468, -33.381829), (-70.950022, -33.381829), (-70.953112, -33.399601), (-70.950022, -33.405907), (-70.952768, -33.411065), (-70.948648, -33.416797), (-70.950708, -33.437141), (-70.956888, -33.442298), (-70.955515, -33.449459), (-70.951052, -33.45347), (-70.951052, -33.457766), (-70.953455, -33.461776), (-70.951052, -33.469509), (-70.940752, -33.473519), (-70.933542, -33.474664), (-70.923251, -33.487105), (-70.921191, -33.486586), (-70.920526, -33.486888), (-70.919775, -33.486725), (-70.919592, -33.486738), (-70.919056, -33.487244), (-70.918402, -33.487391), (-70.91794, -33.48728), (-70.917586, -33.487383), (-70.916519, -33.488054), (-70.915816, -33.488143), (-70.914883, -33.488358), (-70.914394, -33.488268), (-70.914035, -33.488054), (-70.91367, -33.488103), (-70.913316, -33.488414), (-70.912876, -33.488528), (-70.912233, -33.488505), (-70.91161, -33.488358), (-70.910462, -33.488716), (-70.910012, -33.488438), (-70.910033, -33.487678), (-70.910462, -33.486389), (-70.910419, -33.485709), (-70.910205, -33.484268), (-70.909818, -33.483508), (-70.906643, -33.48306), (-70.902695, -33.481915), (-70.899261, -33.479266), (-70.896172, -33.47855), (-70.894026, -33.479266), (-70.890592, -33.479624), (-70.880464, -33.478264), (-70.872783, -33.478873), (-70.871366, -33.478479), (-70.86995, -33.478461), (-70.862912, -33.478944), (-70.861668, -33.479374), (-70.856518, -33.480698), (-70.853771, -33.480698), (-70.852226, -33.480555), (-70.850767, -33.479911), (-70.847366, -33.477584), (-70.844566, -33.474756), (-70.842152, -33.471462), (-70.840939, -33.468169), (-70.840854, -33.467131), (-70.840381, -33.466612), (-70.831155, -33.46416), (-70.830232, -33.463981), (-70.829266, -33.464267), (-70.82549, -33.466379), (-70.824718, -33.466701), (-70.818397, -33.466551), (-70.813622, -33.46547), (-70.812785, -33.465434), (-70.812699, -33.465077), (-70.811133, -33.463716), (-70.81036, -33.463537), (-70.809631, -33.462749), (-70.80888, -33.462284), (-70.798645, -33.463322), (-70.798816, -33.460583), (-70.795018, -33.46044), (-70.792958, -33.460601), (-70.790491, -33.460995), (-70.781908, -33.462499), (-70.780577, -33.462248), (-70.779998, -33.457934), (-70.764818, -33.458931), (-70.763294, -33.46389), (-70.761986, -33.46389), (-70.760441, -33.464248), (-70.759582, -33.464498), (-70.738039, -33.468347), (-70.737288, -33.468741), (-70.733781, -33.469817)]
2020-05-31;Quinta Normal;[(-70.691715, -33.439259), (-70.683271, -33.438552), (-70.6834, -33.437415), (-70.683123, -33.437365), (-70.683169, -33.436689), (-70.682702, -33.436609), (-70.682751, -33.43634), (-70.681737, -33.436179), (-70.681656, -33.437544), (-70.681243, -33.437522), (-70.6812, -33.438417), (-70.680127, -33.438382), (-70.680694, -33.429993), (-70.680222, -33.428095), (-70.678934, -33.427271), (-70.677046, -33.426519), (-70.674643, -33.427289), (-70.672368, -33.428131), (-70.671971, -33.428301), (-70.671317, -33.426466), (-70.675356, -33.425095), (-70.677083, -33.424083), (-70.681482, -33.422436), (-70.683188, -33.421791), (-70.685494, -33.420412), (-70.690243, -33.418559), (-70.691938, -33.416929), (-70.693161, -33.415228), (-70.695092, -33.413598), (-70.701293, -33.409586), (-70.702645, -33.409048), (-70.703954, -33.408135), (-70.706057, -33.407848), (-70.708052, -33.407973), (-70.711121, -33.407848), (-70.713396, -33.408242), (-70.714962, -33.40921), (-70.716464, -33.409792), (-70.718416, -33.410186), (-70.720369, -33.41049), (-70.722494, -33.411834), (-70.721978, -33.412281), (-70.721426, -33.41255), (-70.721152, -33.412546), (-70.720042, -33.413011), (-70.719425, -33.413284), (-70.718738, -33.413681), (-70.717455, -33.414474), (-70.716715, -33.414845), (-70.715841, -33.415136), (-70.716506, -33.416148), (-70.716635, -33.416368), (-70.716715, -33.416605), (-70.716801, -33.416806), (-70.71708, -33.418002), (-70.717209, -33.418664), (-70.720281, -33.430732), (-70.721569, -33.436713), (-70.718404, -33.437052), (-70.710518, -33.438153), (-70.707031, -33.438037), (-70.707331, -33.441949), (-70.707374, -33.446067), (-70.707031, -33.448861), (-70.704156, -33.448467), (-70.700164, -33.448001), (-70.697933, -33.447715), (-70.692311, -33.447965), (-70.692058, -33.444577), (-70.69165, -33.439814), (-70.691715, -33.439259)]
2020-05-31;Lo Prado;[(-70.740891, -33.436413), (-70.740562, -33.441874), (-70.740605, -33.445688), (-70.74039, -33.446064), (-70.739596, -33.446583), (-70.739081, -33.452509), (-70.73906, -33.4531), (-70.738953, -33.453529), (-70.730906, -33.455031), (-70.711976, -33.458752), (-70.705475, -33.457266), (-70.70629, -33.45211), (-70.706784, -33.450749), (-70.707374, -33.446067), (-70.707331, -33.441949), (-70.707031, -33.438037), (-70.710518, -33.438153), (-70.718404, -33.437052), (-70.721569, -33.436713), (-70.722201, -33.438544), (-70.722952, -33.438794), (-70.723724, -33.438597), (-70.724304, -33.43772), (-70.727136, -33.437201), (-70.728145, -33.436664), (-70.728939, -33.436359), (-70.730183, -33.436252), (-70.734754, -33.436431), (-70.740891, -33.436413)]
2020-05-31;Santiago;[(-70.651658, -33.432368), (-70.653013, -33.432035), (-70.671317, -33.426466), (-70.671971, -33.428301), (-70.677046, -33.426519), (-70.678934, -33.427271), (-70.680222, -33.428095), (-70.680694, -33.429993), (-70.680127, -33.438382), (-70.6812, -33.438417), (-70.681243, -33.437522), (-70.681656, -33.437544), (-70.681737, -33.436179), (-70.682751, -33.43634), (-70.682702, -33.436609), (-70.683169, -33.436689), (-70.683123, -33.437365), (-70.6834, -33.437415), (-70.683271, -33.438552), (-70.691715, -33.439259), (-70.69165, -33.439814), (-70.691951, -33.442536), (-70.692058, -33.444577), (-70.680299, -33.443861), (-70.679698, -33.443717), (-70.679055, -33.450951), (-70.67785, -33.450621), (-70.679054, -33.469189), (-70.67944, -33.470084), (-70.679998, -33.47055), (-70.673046, -33.470478), (-70.67296, -33.474666), (-70.673646, -33.475704), (-70.674505, -33.47617), (-70.678281, -33.476206), (-70.678238, -33.47685), (-70.68077, -33.47685), (-70.680856, -33.478389), (-70.671758, -33.478461), (-70.671629, -33.476671), (-70.671544, -33.476277), (-70.670728, -33.476528), (-70.666222, -33.476385), (-70.664806, -33.476062), (-70.66163, -33.475955), (-70.654764, -33.476742), (-70.643391, -33.476742), (-70.641288, -33.476635), (-70.63498, -33.474666), (-70.625281, -33.47123), (-70.624466, -33.470836), (-70.624165, -33.470227), (-70.624594, -33.469905), (-70.625925, -33.469118), (-70.634817, -33.438517), (-70.63516, -33.43687), (-70.635246, -33.435903), (-70.651658, -33.432368)]
2020-05-31;Providencia;[(-70.605837, -33.410164), (-70.610473, -33.408869), (-70.612533, -33.408583), (-70.614078, -33.408905), (-70.615837, -33.40998), (-70.616867, -33.411305), (-70.62, -33.414028), (-70.622961, -33.4165), (-70.624721, -33.41804), (-70.627038, -33.419114), (-70.629656, -33.419759), (-70.632574, -33.422589), (-70.633475, -33.423878), (-70.633819, -33.425347), (-70.633904, -33.426565), (-70.635793, -33.429645), (-70.636351, -33.430612), (-70.635246, -33.435903), (-70.63516, -33.43687), (-70.634817, -33.438517), (-70.631436, -33.449798), (-70.61876, -33.447233), (-70.618432, -33.448361), (-70.613714, -33.447522), (-70.613889, -33.446799), (-70.608144, -33.445685), (-70.599217, -33.44461), (-70.599238, -33.444369), (-70.598412, -33.444319), (-70.59793, -33.444843), (-70.59278, -33.447815), (-70.587158, -33.439525), (-70.58218, -33.433831), (-70.583522, -33.432976), (-70.584894, -33.431942), (-70.588499, -33.428217), (-70.601803, -33.417902), (-70.60309, -33.4174), (-70.60455, -33.417328), (-70.605923, -33.41654), (-70.607983, -33.416182), (-70.607039, -33.414678), (-70.606609, -33.411884), (-70.605837, -33.410164)]
2020-05-31;Vitacura;[(-70.518934, -33.370482), (-70.520093, -33.368726), (-70.522024, -33.369371), (-70.526359, -33.36955), (-70.530436, -33.370231), (-70.532453, -33.370589), (-70.534985, -33.370768), (-70.536744, -33.369622), (-70.539963, -33.369371), (-70.541594, -33.368367), (-70.543825, -33.367794), (-70.545756, -33.366539), (-70.546186, -33.365249), (-70.546915, -33.363887), (-70.547559, -33.363385), (-70.547988, -33.362095), (-70.548632, -33.361127), (-70.548288, -33.360518), (-70.550692, -33.359944), (-70.551335, -33.360303), (-70.55258, -33.360231), (-70.554425, -33.35808), (-70.55876, -33.356826), (-70.564725, -33.35636), (-70.565412, -33.355105), (-70.567042, -33.354854), (-70.569531, -33.356001), (-70.574123, -33.356252), (-70.57657, -33.354818), (-70.5779, -33.351807), (-70.580046, -33.351413), (-70.581033, -33.350803), (-70.583136, -33.352094), (-70.586311, -33.354281), (-70.5882, -33.356575), (-70.593993, -33.358833), (-70.596568, -33.361701), (-70.599529, -33.362991), (-70.597641, -33.364855), (-70.595581, -33.365822), (-70.595238, -33.367041), (-70.595109, -33.368654), (-70.595238, -33.370768), (-70.596697, -33.372632), (-70.596826, -33.376073), (-70.597126, -33.377363), (-70.59777, -33.379836), (-70.599873, -33.38152), (-70.601675, -33.382487), (-70.60219, -33.384852), (-70.601847, -33.386035), (-70.601718, -33.387683), (-70.602061, -33.388722), (-70.602791, -33.390227), (-70.605366, -33.392915), (-70.606267, -33.394025), (-70.607726, -33.395638), (-70.608456, -33.398504), (-70.609657, -33.403699), (-70.609314, -33.404416), (-70.610086, -33.406529), (-70.610601, -33.407568), (-70.612533, -33.408583), (-70.610473, -33.408869), (-70.605837, -33.410164), (-70.60206, -33.408158), (-70.598713, -33.408229), (-70.590645, -33.405292), (-70.585323, -33.40393), (-70.582491, -33.402497), (-70.548159, -33.389599), (-70.534769, -33.384367), (-70.532709, -33.382647), (-70.526958, -33.376842), (-70.51769, -33.37274), (-70.518934, -33.370482)]
2020-05-31;Lo Barnechea;[(-70.372527, -33.105068), (-70.382827, -33.114846), (-70.395186, -33.120022), (-70.421966, -33.125197), (-70.432265, -33.132673), (-70.440505, -33.153945), (-70.456298, -33.172914), (-70.459731, -33.183833), (-70.477584, -33.215434), (-70.489257, -33.223476), (-70.50299, -33.234963), (-70.516723, -33.241855), (-70.526336, -33.250469), (-70.528396, -33.259082), (-70.546935, -33.283768), (-70.559295, -33.289508), (-70.570281, -33.297543), (-70.584073, -33.316337), (-70.583043, -33.320354), (-70.589738, -33.340577), (-70.588536, -33.346026), (-70.58476, -33.347747), (-70.581033, -33.350803), (-70.5779, -33.351807), (-70.57657, -33.354818), (-70.574123, -33.356252), (-70.569531, -33.356001), (-70.567042, -33.354854), (-70.565412, -33.355105), (-70.564725, -33.35636), (-70.55876, -33.356826), (-70.554425, -33.35808), (-70.552745, -33.359792), (-70.55258, -33.360231), (-70.551335, -33.360303), (-70.550692, -33.359944), (-70.548288, -33.360518), (-70.548632, -33.361127), (-70.546915, -33.363887), (-70.546186, -33.365249), (-70.545756, -33.366539), (-70.543825, -33.367794), (-70.541594, -33.368367), (-70.539963, -33.369371), (-70.536744, -33.369622), (-70.534985, -33.370768), (-70.52545, -33.369325), (-70.522024, -33.369371), (-70.520093, -33.368726), (-70.518934, -33.370482), (-70.51769, -33.37274), (-70.511252, -33.370606), (-70.505329, -33.369889), (-70.499064, -33.36695), (-70.49563, -33.366932), (-70.493742, -33.365086), (-70.492111, -33.364441), (-70.486961, -33.364513), (-70.486275, -33.371538), (-70.483737, -33.372533), (-70.482155, -33.374763), (-70.483056, -33.381679), (-70.479494, -33.385156), (-70.472113, -33.391032), (-70.46559, -33.392107), (-70.45919, -33.392547), (-70.457816, -33.392547), (-70.456729, -33.393025), (-70.449208, -33.406808), (-70.450254, -33.408828), (-70.445462, -33.416006), (-70.442146, -33.417464), (-70.439859, -33.421789), (-70.433912, -33.426425), (-70.433683, -33.431884), (-70.429678, -33.439348), (-70.431538, -33.441146), (-70.432024, -33.44409), (-70.431624, -33.446541), (-70.428992, -33.446889), (-70.428536, -33.450738), (-70.429339, -33.453566), (-70.426778, -33.456806), (-70.430054, -33.462911), (-70.432814, -33.463144), (-70.434889, -33.469105), (-70.432515, -33.473009), (-70.433718, -33.476314), (-70.433892, -33.481623), (-70.426177, -33.482468), (-70.4121, -33.484472), (-70.404204, -33.489054), (-70.392531, -33.48934), (-70.366438, -33.487049), (-70.356139, -33.489054), (-70.342062, -33.485904), (-70.32936, -33.481322), (-70.317, -33.479891), (-70.302237, -33.47445), (-70.291251, -33.476454), (-70.281294, -33.473877), (-70.278548, -33.465572), (-70.275458, -33.457838), (-70.264472, -33.455833), (-70.259665, -33.458411), (-70.245589, -33.458411), (-70.230826, -33.452682), (-70.225676, -33.439791), (-70.223616, -33.431769), (-70.219812, -33.421986), (-70.211572, -33.410523), (-70.207452, -33.394472), (-70.193719, -33.383006), (-70.186852, -33.364657), (-70.179986, -33.332536), (-70.181359, -33.304995), (-70.188226, -33.291221), (-70.192346, -33.275148), (-70.190972, -33.259073), (-70.203332, -33.245292), (-70.215692, -33.215425), (-70.233544, -33.206233), (-70.241784, -33.191294), (-70.239038, -33.169456), (-70.228051, -33.154511), (-70.232171, -33.143013), (-70.250024, -33.143013), (-70.26101, -33.129214), (-70.26513, -33.10851), (-70.27337, -33.098157), (-70.291223, -33.094705), (-70.314569, -33.087802), (-70.325555, -33.080898), (-70.339288, -33.088953), (-70.337915, -33.100458), (-70.350274, -33.105059), (-70.372527, -33.105068)]
2020-05-31;Las Condes;[(-70.607983, -33.416182), (-70.605923, -33.41654), (-70.60455, -33.417328), (-70.60309, -33.4174), (-70.601803, -33.417902), (-70.595537, -33.42263), (-70.588499, -33.428217), (-70.584894, -33.431942), (-70.554596, -33.430438), (-70.539232, -33.428719), (-70.539275, -33.430044), (-70.538803, -33.432443), (-70.537687, -33.433661), (-70.522753, -33.431441), (-70.518032, -33.433733), (-70.517388, -33.436634), (-70.503333, -33.438084), (-70.499863, -33.443854), (-70.49521, -33.446595), (-70.495458, -33.450544), (-70.490003, -33.454667), (-70.48646, -33.460631), (-70.486178, -33.462728), (-70.482493, -33.465239), (-70.472971, -33.475195), (-70.460999, -33.475339), (-70.456214, -33.479706), (-70.451418, -33.481174), (-70.448504, -33.483912), (-70.440784, -33.486363), (-70.438366, -33.485986), (-70.436642, -33.481932), (-70.433892, -33.481623), (-70.433718, -33.476314), (-70.432515, -33.473009), (-70.434889, -33.469105), (-70.432814, -33.463144), (-70.430054, -33.462911), (-70.426778, -33.456806), (-70.429339, -33.453566), (-70.428536, -33.450738), (-70.428992, -33.446889), (-70.431624, -33.446541), (-70.432024, -33.44409), (-70.431538, -33.441146), (-70.429678, -33.439348), (-70.433683, -33.431884), (-70.433912, -33.426425), (-70.439859, -33.421789), (-70.442146, -33.417464), (-70.445462, -33.416006), (-70.450254, -33.408828), (-70.449208, -33.406808), (-70.456729, -33.393025), (-70.46559, -33.392107), (-70.472113, -33.391032), (-70.479494, -33.385156), (-70.483056, -33.381679), (-70.482155, -33.374763), (-70.483737, -33.372533), (-70.486275, -33.371538), (-70.486961, -33.364513), (-70.49048, -33.364441), (-70.492111, -33.364441), (-70.493742, -33.365086), (-70.49563, -33.366932), (-70.499064, -33.36695), (-70.505329, -33.369889), (-70.511252, -33.370606), (-70.516916, -33.372398), (-70.521294, -33.374333), (-70.526958, -33.376842), (-70.532709, -33.382647), (-70.534769, -33.384367), (-70.537602, -33.385585), (-70.548159, -33.389599), (-70.570904, -33.397983), (-70.582491, -33.402497), (-70.585323, -33.40393), (-70.590645, -33.405292), (-70.598713, -33.408229), (-70.60206, -33.408158), (-70.603691, -33.409018), (-70.605837, -33.410164), (-70.606609, -33.411884), (-70.607039, -33.414678), (-70.607983, -33.416182)]
2020-05-31;Estación Central;[(-70.707031, -33.448861), (-70.706784, -33.450749), (-70.70629, -33.45211), (-70.705475, -33.457266), (-70.711976, -33.458752), (-70.730906, -33.455031), (-70.731013, -33.467973), (-70.733781, -33.469817), (-70.722945, -33.473057), (-70.72258, -33.473603), (-70.72185, -33.473191), (-70.712076, -33.481791), (-70.711926, -33.482462), (-70.711068, -33.482292), (-70.710242, -33.48248), (-70.702388, -33.480813), (-70.699384, -33.480419), (-70.691192, -33.478093), (-70.690742, -33.477574), (-70.690184, -33.477413), (-70.688703, -33.477359), (-70.685941, -33.476536), (-70.685619, -33.476178), (-70.685383, -33.476088), (-70.684675, -33.476088), (-70.684224, -33.476285), (-70.683108, -33.476518), (-70.680748, -33.476554), (-70.68077, -33.47685), (-70.678238, -33.47685), (-70.678281, -33.476206), (-70.674505, -33.47617), (-70.673646, -33.475704), (-70.67296, -33.474666), (-70.673046, -33.470478), (-70.679998, -33.47055), (-70.67944, -33.470084), (-70.679054, -33.469189), (-70.67832, -33.458124), (-70.67785, -33.450621), (-70.679055, -33.450951), (-70.679698, -33.443717), (-70.680299, -33.443861), (-70.692058, -33.444577), (-70.692311, -33.447965), (-70.697933, -33.447715), (-70.707031, -33.448861)]
2020-05-31;Cerrillos;[(-70.72185, -33.473191), (-70.722294, -33.473442), (-70.723105, -33.478035), (-70.723577, -33.480469), (-70.724221, -33.481114), (-70.724436, -33.481722), (-70.724522, -33.482867), (-70.724904, -33.482737), (-70.725462, -33.482433), (-70.725998, -33.482415), (-70.726706, -33.482594), (-70.727114, -33.48297), (-70.727328, -33.483346), (-70.727414, -33.483507), (-70.727972, -33.483596), (-70.729002, -33.483596), (-70.730375, -33.48365), (-70.731062, -33.48365), (-70.731126, -33.484348), (-70.731362, -33.484974), (-70.731727, -33.493314), (-70.731706, -33.493922), (-70.731534, -33.494495), (-70.732328, -33.495139), (-70.733122, -33.495908), (-70.73383, -33.496732), (-70.734345, -33.497537), (-70.73486, -33.498557), (-70.735504, -33.499952), (-70.736083, -33.501259), (-70.74012, -33.510136), (-70.72304, -33.509886), (-70.718233, -33.514), (-70.726087, -33.52409), (-70.706303, -33.531424), (-70.705788, -33.527596), (-70.705616, -33.524949), (-70.705316, -33.523732), (-70.703369, -33.519078), (-70.695229, -33.502116), (-70.691027, -33.493642), (-70.688838, -33.488005), (-70.685404, -33.47965), (-70.685361, -33.478934), (-70.685404, -33.478415), (-70.68579, -33.476822), (-70.685941, -33.476536), (-70.688703, -33.477359), (-70.690184, -33.477413), (-70.690742, -33.477574), (-70.691192, -33.478093), (-70.699384, -33.480419), (-70.702388, -33.480813), (-70.710242, -33.48248), (-70.711068, -33.482292), (-70.711926, -33.482462), (-70.712076, -33.481791), (-70.72185, -33.473191)]
2020-05-31;Maipú;[(-70.733781, -33.469817), (-70.737288, -33.468741), (-70.738039, -33.468347), (-70.759582, -33.464498), (-70.760441, -33.464248), (-70.761986, -33.46389), (-70.763294, -33.46389), (-70.764818, -33.458931), (-70.779998, -33.457934), (-70.780577, -33.462248), (-70.781908, -33.462499), (-70.790491, -33.460995), (-70.792958, -33.460601), (-70.795018, -33.46044), (-70.798816, -33.460583), (-70.798645, -33.463322), (-70.80888, -33.462284), (-70.809631, -33.462749), (-70.81036, -33.463537), (-70.811133, -33.463716), (-70.812699, -33.465077), (-70.812785, -33.465434), (-70.813622, -33.46547), (-70.818397, -33.466551), (-70.824718, -33.466701), (-70.82549, -33.466379), (-70.829266, -33.464267), (-70.830232, -33.463981), (-70.831155, -33.46416), (-70.840381, -33.466612), (-70.840854, -33.467131), (-70.840939, -33.468169), (-70.842152, -33.471462), (-70.844566, -33.474756), (-70.847366, -33.477584), (-70.850767, -33.479911), (-70.852226, -33.480555), (-70.853771, -33.480698), (-70.856518, -33.480698), (-70.861668, -33.479374), (-70.862912, -33.478944), (-70.86995, -33.478461), (-70.871366, -33.478479), (-70.872783, -33.478873), (-70.880464, -33.478264), (-70.890592, -33.479624), (-70.894026, -33.479266), (-70.896172, -33.47855), (-70.899261, -33.479266), (-70.902695, -33.481915), (-70.906643, -33.48306), (-70.909818, -33.483508), (-70.910205, -33.484268), (-70.910419, -33.485709), (-70.910462, -33.486389), (-70.910033, -33.487678), (-70.910012, -33.488438), (-70.910462, -33.488716), (-70.91161, -33.488358), (-70.912233, -33.488505), (-70.912876, -33.488528), (-70.913316, -33.488414), (-70.91367, -33.488103), (-70.914035, -33.488054), (-70.914394, -33.488268), (-70.914883, -33.488358), (-70.915816, -33.488143), (-70.916519, -33.488054), (-70.917586, -33.487383), (-70.91794, -33.48728), (-70.918402, -33.487391), (-70.919056, -33.487244), (-70.919592, -33.486738), (-70.919775, -33.486725), (-70.920526, -33.486888), (-70.921191, -33.486586), (-70.923251, -33.487105), (-70.927156, -33.490684), (-70.930632, -33.499381), (-70.932993, -33.500884), (-70.93295, -33.505464), (-70.927113, -33.509043), (-70.923723, -33.512406), (-70.914282, -33.507826), (-70.902995, -33.514482), (-70.898789, -33.518775), (-70.895056, -33.519526), (-70.890592, -33.525859), (-70.877804, -33.532263), (-70.872611, -33.530724), (-70.86656, -33.530474), (-70.859822, -33.535411), (-70.849351, -33.532763), (-70.84021, -33.534946), (-70.838794, -33.533872), (-70.81961, -33.538523), (-70.81328, -33.530742), (-70.810191, -33.528095), (-70.805556, -33.530009), (-70.805277, -33.534749), (-70.814032, -33.538415), (-70.813967, -33.540472), (-70.817594, -33.542779), (-70.797888, -33.555748), (-70.783618, -33.567924), (-70.767225, -33.571858), (-70.764864, -33.568497), (-70.759414, -33.561988), (-70.726087, -33.52409), (-70.718233, -33.514), (-70.72304, -33.509886), (-70.74012, -33.510136), (-70.734345, -33.497537), (-70.73383, -33.496732), (-70.731534, -33.494495), (-70.73182, -33.493658), (-70.731362, -33.484974), (-70.731126, -33.484348), (-70.731062, -33.48365), (-70.727972, -33.483596), (-70.727414, -33.483507), (-70.727114, -33.48297), (-70.726706, -33.482594), (-70.725998, -33.482415), (-70.725462, -33.482433), (-70.724904, -33.482737), (-70.724522, -33.482867), (-70.724436, -33.481722), (-70.724221, -33.481114), (-70.723577, -33.480469), (-70.722294, -33.473442), (-70.72258, -33.473603), (-70.722945, -33.473057), (-70.733781, -33.469817)]
2020-05-31;Padre Hurtado;[(-70.923723, -33.512406), (-70.923079, -33.514241), (-70.924881, -33.516174), (-70.921276, -33.523472), (-70.922306, -33.529196), (-70.923594, -33.530771), (-70.925997, -33.530914), (-70.926941, -33.531414), (-70.927456, -33.532702), (-70.928744, -33.533418), (-70.928829, -33.534348), (-70.927284, -33.53535), (-70.927199, -33.53721), (-70.928529, -33.53864), (-70.929645, -33.540357), (-70.931147, -33.540858), (-70.929173, -33.543362), (-70.931854, -33.548158), (-70.93666, -33.552163), (-70.939063, -33.556455), (-70.943527, -33.559888), (-70.947303, -33.561891), (-70.948676, -33.566468), (-70.944557, -33.571903), (-70.93666, -33.577052), (-70.935974, -33.581629), (-70.934257, -33.585061), (-70.93357, -33.589637), (-70.927734, -33.589923), (-70.924644, -33.587635), (-70.919494, -33.586491), (-70.914344, -33.587635), (-70.907821, -33.587063), (-70.902671, -33.587063), (-70.897178, -33.588207), (-70.894432, -33.589637), (-70.889291, -33.582841), (-70.886287, -33.579694), (-70.884056, -33.580767), (-70.881652, -33.578693), (-70.879335, -33.580624), (-70.871095, -33.573116), (-70.848951, -33.57805), (-70.848093, -33.579909), (-70.848779, -33.582054), (-70.83333, -33.58234), (-70.831956, -33.583627), (-70.832901, -33.584271), (-70.816322, -33.593653), (-70.814777, -33.592223), (-70.810313, -33.595226), (-70.808254, -33.593796), (-70.80615, -33.588871), (-70.796772, -33.572536), (-70.792375, -33.575365), (-70.783618, -33.567924), (-70.797888, -33.555748), (-70.817594, -33.542779), (-70.813967, -33.540472), (-70.814032, -33.538415), (-70.805277, -33.534749), (-70.805556, -33.530009), (-70.810191, -33.528095), (-70.81328, -33.530742), (-70.81961, -33.538523), (-70.838794, -33.533872), (-70.84021, -33.534946), (-70.849351, -33.532763), (-70.859822, -33.535411), (-70.86656, -33.530474), (-70.872611, -33.530724), (-70.877804, -33.532263), (-70.890592, -33.525859), (-70.895056, -33.519526), (-70.898789, -33.518775), (-70.902995, -33.514482), (-70.914282, -33.507826), (-70.923723, -33.512406)]
2020-05-31;Pedro Aguirre Cerda;[(-70.654925, -33.476718), (-70.66163, -33.475955), (-70.664806, -33.476062), (-70.666222, -33.476385), (-70.669279, -33.476537), (-70.670728, -33.476528), (-70.671544, -33.476277), (-70.671629, -33.476671), (-70.671758, -33.478461), (-70.680856, -33.478389), (-70.680748, -33.476554), (-70.683108, -33.476518), (-70.684224, -33.476285), (-70.684675, -33.476088), (-70.685383, -33.476088), (-70.685619, -33.476178), (-70.685941, -33.476536), (-70.68579, -33.476822), (-70.685404, -33.478415), (-70.685361, -33.478934), (-70.685404, -33.47965), (-70.688838, -33.488005), (-70.691027, -33.493642), (-70.695229, -33.502116), (-70.69273, -33.502922), (-70.688781, -33.504308), (-70.684683, -33.50574), (-70.684028, -33.505892), (-70.682838, -33.506357), (-70.678632, -33.508227), (-70.67801, -33.508361), (-70.676765, -33.508415), (-70.674555, -33.509354), (-70.671808, -33.510526), (-70.671036, -33.510776), (-70.655773, -33.478893), (-70.65544, -33.477846), (-70.654925, -33.476718)]
2020-05-31;San Miguel;[(-70.641948, -33.476662), (-70.643391, -33.476742), (-70.654764, -33.476742), (-70.654925, -33.476718), (-70.65544, -33.477846), (-70.655773, -33.478893), (-70.671036, -33.510776), (-70.658096, -33.514704), (-70.644642, -33.517343), (-70.642024, -33.517907), (-70.63932, -33.518426), (-70.638183, -33.518712), (-70.637238, -33.518802), (-70.636595, -33.518784), (-70.637281, -33.513077), (-70.63859, -33.507173), (-70.639835, -33.495274), (-70.640929, -33.486246), (-70.641004, -33.48527), (-70.641626, -33.480984), (-70.641809, -33.477664), (-70.641948, -33.476662)]
2020-05-31;San Joaquín;[(-70.611249, -33.513065), (-70.611528, -33.510399), (-70.613738, -33.508217), (-70.615411, -33.501006), (-70.618458, -33.487442), (-70.620604, -33.484042), (-70.624165, -33.470227), (-70.624466, -33.470836), (-70.625281, -33.47123), (-70.63498, -33.474666), (-70.641288, -33.476635), (-70.641948, -33.476662), (-70.641809, -33.477664), (-70.641626, -33.480984), (-70.641004, -33.48527), (-70.640929, -33.486246), (-70.639835, -33.495274), (-70.63859, -33.507173), (-70.637281, -33.513077), (-70.636595, -33.518784), (-70.627964, -33.517797), (-70.62729, -33.517733), (-70.624131, -33.516333), (-70.620756, -33.5147), (-70.620306, -33.514432), (-70.61506, -33.513099), (-70.614072, -33.513063), (-70.611249, -33.513065)]
2020-05-31;Lo Espejo;[(-70.671036, -33.510776), (-70.671808, -33.510526), (-70.676765, -33.508415), (-70.67801, -33.508361), (-70.678632, -33.508227), (-70.684028, -33.505892), (-70.695229, -33.502116), (-70.703369, -33.519078), (-70.705316, -33.523732), (-70.705616, -33.524949), (-70.706303, -33.531424), (-70.685342, -33.539101), (-70.677892, -33.525193), (-70.671036, -33.510776)]
2020-05-31;Ñuñoa;[(-70.631436, -33.449798), (-70.62971, -33.455526), (-70.625925, -33.469118), (-70.624165, -33.470227), (-70.622949, -33.47495), (-70.596299, -33.473432), (-70.589626, -33.473879), (-70.58469, -33.47345), (-70.580506, -33.470819), (-70.578274, -33.469852), (-70.577501, -33.469387), (-70.576386, -33.469136), (-70.570636, -33.45367), (-70.570979, -33.451378), (-70.572009, -33.445577), (-70.573382, -33.437914), (-70.575785, -33.436768), (-70.577502, -33.436293), (-70.579218, -33.435604), (-70.58218, -33.433831), (-70.587158, -33.439525), (-70.59278, -33.447815), (-70.59793, -33.444843), (-70.598412, -33.444319), (-70.599238, -33.444369), (-70.599217, -33.44461), (-70.60162, -33.444861), (-70.608144, -33.445685), (-70.613889, -33.446799), (-70.613714, -33.447522), (-70.616523, -33.447976), (-70.617113, -33.448142), (-70.618432, -33.448361), (-70.61876, -33.447233), (-70.625342, -33.448565), (-70.631436, -33.449798)]
2020-05-31;La Reina;[(-70.584894, -33.431942), (-70.583522, -33.432976), (-70.58218, -33.433831), (-70.579218, -33.435604), (-70.577502, -33.436293), (-70.575785, -33.436768), (-70.573382, -33.437914), (-70.570636, -33.45367), (-70.572614, -33.458997), (-70.564932, -33.461754), (-70.562142, -33.462649), (-70.555662, -33.462577), (-70.554804, -33.46272), (-70.550856, -33.462756), (-70.544547, -33.463615), (-70.543904, -33.46358), (-70.542144, -33.462935), (-70.541414, -33.462863), (-70.539526, -33.463114), (-70.53884, -33.4634), (-70.531329, -33.465513), (-70.530686, -33.464188), (-70.530514, -33.46204), (-70.529913, -33.459892), (-70.52957, -33.45914), (-70.526823, -33.459319), (-70.526265, -33.459498), (-70.486178, -33.462728), (-70.48646, -33.460631), (-70.490003, -33.454667), (-70.495458, -33.450544), (-70.49521, -33.446595), (-70.499863, -33.443854), (-70.503333, -33.438084), (-70.517388, -33.436634), (-70.518032, -33.433733), (-70.522753, -33.431441), (-70.537687, -33.433661), (-70.538803, -33.432443), (-70.539275, -33.430044), (-70.539232, -33.428719), (-70.554596, -33.430438), (-70.584894, -33.431942)]
2020-05-31;Macul;[(-70.589835, -33.50815), (-70.589399, -33.505269), (-70.587167, -33.500188), (-70.585365, -33.497397), (-70.580773, -33.489881), (-70.576386, -33.469136), (-70.583381, -33.473003), (-70.58469, -33.47345), (-70.587244, -33.473862), (-70.588563, -33.473933), (-70.589626, -33.473879), (-70.591836, -33.473665), (-70.596299, -33.473432), (-70.598745, -33.473611), (-70.606298, -33.474041), (-70.622949, -33.47495), (-70.620604, -33.484042), (-70.618458, -33.487442), (-70.613738, -33.508217), (-70.591895, -33.509688), (-70.590221, -33.510189), (-70.589835, -33.50815)]
2020-05-31;Peñalolén;[(-70.572614, -33.458997), (-70.576386, -33.469208), (-70.580773, -33.489952), (-70.587168, -33.50026), (-70.589399, -33.505341), (-70.589835, -33.508221), (-70.588333, -33.510225), (-70.587775, -33.510046), (-70.576102, -33.510798), (-70.568463, -33.511692), (-70.56679, -33.511621), (-70.565674, -33.511692), (-70.563957, -33.511406), (-70.560524, -33.511621), (-70.558893, -33.511835), (-70.546405, -33.512444), (-70.545504, -33.512551), (-70.54383, -33.512444), (-70.542414, -33.512551), (-70.54177, -33.512265), (-70.538852, -33.512225), (-70.530183, -33.509291), (-70.52675, -33.508361), (-70.524089, -33.508361), (-70.521428, -33.506071), (-70.517823, -33.503637), (-70.516707, -33.502277), (-70.515763, -33.501776), (-70.513875, -33.501776), (-70.512587, -33.50149), (-70.510012, -33.501275), (-70.507438, -33.500631), (-70.504777, -33.499844), (-70.502459, -33.499844), (-70.501086, -33.500273), (-70.500314, -33.499916), (-70.500399, -33.498341), (-70.49937, -33.497625), (-70.497567, -33.498126), (-70.496108, -33.499271), (-70.494305, -33.499701), (-70.492932, -33.499772), (-70.492331, -33.500273), (-70.492074, -33.501061), (-70.491044, -33.501204), (-70.489928, -33.500846), (-70.488984, -33.501204), (-70.488812, -33.50192), (-70.487482, -33.502134), (-70.486152, -33.50192), (-70.48274, -33.50022), (-70.482118, -33.499325), (-70.479714, -33.497124), (-70.477483, -33.495764), (-70.475938, -33.495335), (-70.473363, -33.495406), (-70.472504, -33.494905), (-70.471474, -33.49512), (-70.47053, -33.495406), (-70.469243, -33.495013), (-70.467698, -33.492722), (-70.466582, -33.492132), (-70.46538, -33.492507), (-70.463149, -33.4924), (-70.461733, -33.493724), (-70.458836, -33.494494), (-70.457055, -33.49555), (-70.454909, -33.495907), (-70.45139, -33.495836), (-70.449931, -33.496265), (-70.447871, -33.496408), (-70.444524, -33.496408), (-70.442635, -33.496623), (-70.440661, -33.496766), (-70.439717, -33.496695), (-70.432164, -33.496623), (-70.432017, -33.489462), (-70.433892, -33.481623), (-70.436642, -33.481932), (-70.438366, -33.485986), (-70.439232, -33.486246), (-70.440784, -33.486363), (-70.441505, -33.486242), (-70.445674, -33.485209), (-70.448504, -33.483912), (-70.451418, -33.481174), (-70.456214, -33.479706), (-70.460999, -33.475339), (-70.472971, -33.475195), (-70.486178, -33.462728), (-70.526265, -33.459498), (-70.526823, -33.459319), (-70.52957, -33.45914), (-70.529913, -33.459892), (-70.530514, -33.46204), (-70.530686, -33.464188), (-70.531329, -33.465513), (-70.53884, -33.4634), (-70.539526, -33.463114), (-70.541414, -33.462863), (-70.542144, -33.462935), (-70.543904, -33.46358), (-70.544547, -33.463615), (-70.550856, -33.462756), (-70.554804, -33.46272), (-70.555662, -33.462577), (-70.562142, -33.462649), (-70.564031, -33.461968), (-70.564932, -33.461754), (-70.571455, -33.459355), (-70.572614, -33.458997)]
2020-05-31;La Florida;[(-70.613652, -33.508217), (-70.611442, -33.510399), (-70.610304, -33.520928), (-70.610068, -33.521643), (-70.609575, -33.526187), (-70.610465, -33.546639), (-70.613813, -33.546568), (-70.61465, -33.546434), (-70.614778, -33.546648), (-70.613394, -33.551575), (-70.613201, -33.552013), (-70.613094, -33.55263), (-70.612879, -33.553086), (-70.610359, -33.561968), (-70.612376, -33.562201), (-70.612097, -33.564025), (-70.612202, -33.57061), (-70.611558, -33.570503), (-70.600688, -33.56751), (-70.599949, -33.567338), (-70.59907, -33.567285), (-70.598447, -33.567428), (-70.597782, -33.567857), (-70.592332, -33.569895), (-70.583749, -33.568751), (-70.58438, -33.565615), (-70.563255, -33.561887), (-70.563052, -33.561914), (-70.557151, -33.560859), (-70.563751, -33.552872), (-70.562335, -33.552729), (-70.554782, -33.551907), (-70.553727, -33.550034), (-70.554483, -33.547894), (-70.549977, -33.548144), (-70.547402, -33.551005), (-70.54105, -33.550004), (-70.537123, -33.548129), (-70.535471, -33.547429), (-70.531866, -33.543566), (-70.529848, -33.543377), (-70.527788, -33.5425), (-70.524956, -33.541713), (-70.522681, -33.541033), (-70.520149, -33.540354), (-70.518261, -33.53971), (-70.51603, -33.538959), (-70.511954, -33.538129), (-70.508992, -33.537958), (-70.505259, -33.538415), (-70.50324, -33.539567), (-70.491653, -33.539781), (-70.481278, -33.538717), (-70.471762, -33.535221), (-70.460347, -33.527709), (-70.451764, -33.521984), (-70.443696, -33.516045), (-70.435284, -33.511251), (-70.430533, -33.508289), (-70.431734, -33.50242), (-70.432078, -33.496623), (-70.439631, -33.496623), (-70.440575, -33.496695), (-70.442549, -33.496552), (-70.444438, -33.496337), (-70.447785, -33.496337), (-70.449845, -33.496194), (-70.451304, -33.495764), (-70.452592, -33.495764), (-70.454823, -33.495836), (-70.456969, -33.495478), (-70.45875, -33.494422), (-70.461647, -33.493653), (-70.463063, -33.492328), (-70.465294, -33.492436), (-70.466496, -33.49206), (-70.467612, -33.492651), (-70.469157, -33.494941), (-70.470444, -33.495335), (-70.471388, -33.495048), (-70.472418, -33.494834), (-70.473277, -33.495335), (-70.475852, -33.495263), (-70.477397, -33.495693), (-70.479628, -33.497053), (-70.48113, -33.498377), (-70.482032, -33.499253), (-70.482654, -33.500148), (-70.483684, -33.500756), (-70.484692, -33.501204), (-70.486066, -33.501848), (-70.487396, -33.502063), (-70.488726, -33.501848), (-70.488898, -33.501132), (-70.489842, -33.500774), (-70.490958, -33.501132), (-70.491988, -33.500989), (-70.492245, -33.500202), (-70.492846, -33.499701), (-70.494219, -33.499629), (-70.496022, -33.4992), (-70.497481, -33.498055), (-70.499284, -33.497554), (-70.500313, -33.498269), (-70.500228, -33.499844), (-70.501, -33.500202), (-70.502373, -33.499772), (-70.504691, -33.499772), (-70.507352, -33.50056), (-70.509926, -33.501204), (-70.512501, -33.501418), (-70.513789, -33.501705), (-70.515677, -33.501705), (-70.516621, -33.502206), (-70.517737, -33.503566), (-70.519625, -33.504854), (-70.521342, -33.505999), (-70.524003, -33.508289), (-70.526663, -33.508289), (-70.530097, -33.50922), (-70.53662, -33.511366), (-70.538766, -33.512154), (-70.541684, -33.512193), (-70.542328, -33.512479), (-70.543744, -33.512372), (-70.545417, -33.512479), (-70.546319, -33.512372), (-70.558807, -33.511764), (-70.560438, -33.511549), (-70.563871, -33.511334), (-70.565588, -33.51162), (-70.566703, -33.511549), (-70.568377, -33.51162), (-70.576016, -33.510726), (-70.587689, -33.509975), (-70.588247, -33.510154), (-70.589749, -33.50815), (-70.590135, -33.510189), (-70.591809, -33.509688), (-70.609318, -33.508329), (-70.613652, -33.508217)]
2020-05-31;La Cisterna;[(-70.671036, -33.510776), (-70.677892, -33.525193), (-70.685342, -33.539101), (-70.668324, -33.545402), (-70.666779, -33.546368), (-70.65679, -33.548013), (-70.656705, -33.54821), (-70.653394, -33.548798), (-70.652314, -33.54482), (-70.651992, -33.544856), (-70.650855, -33.540421), (-70.651048, -33.539974), (-70.651006, -33.539688), (-70.648075, -33.528881), (-70.64801, -33.528505), (-70.647731, -33.528255), (-70.644642, -33.517343), (-70.658096, -33.514704), (-70.664275, -33.512843), (-70.664887, -33.512602), (-70.668417, -33.511537), (-70.670455, -33.510974), (-70.671036, -33.510776)]
2020-05-31;San Ramón;[(-70.644642, -33.517343), (-70.647731, -33.528255), (-70.64801, -33.528505), (-70.651006, -33.539688), (-70.654911, -33.554942), (-70.641766, -33.556742), (-70.631058, -33.558011), (-70.63417, -33.541988), (-70.634766, -33.532966), (-70.635196, -33.529854), (-70.635367, -33.52921), (-70.636595, -33.518784), (-70.637238, -33.518802), (-70.638183, -33.518712), (-70.63932, -33.518426), (-70.644642, -33.517343)]
2020-05-31;El Bosque;[(-70.685342, -33.539101), (-70.686029, -33.54046), (-70.686961, -33.541898), (-70.686673, -33.541981), (-70.69311, -33.556144), (-70.695384, -33.55593), (-70.697058, -33.56369), (-70.696586, -33.564012), (-70.700835, -33.573023), (-70.676673, -33.582533), (-70.663155, -33.58525), (-70.660237, -33.574024), (-70.659808, -33.57338), (-70.656804, -33.562367), (-70.653394, -33.548798), (-70.656705, -33.54821), (-70.65679, -33.548013), (-70.666779, -33.546368), (-70.668324, -33.545402), (-70.672723, -33.54373), (-70.681263, -33.540582), (-70.685342, -33.539101)]
2020-05-31;La Pintana;[(-70.612097, -33.564025), (-70.612183, -33.564025), (-70.612462, -33.562201), (-70.610445, -33.561968), (-70.612234, -33.555645), (-70.630559, -33.559901), (-70.631058, -33.558011), (-70.63842, -33.557284), (-70.654911, -33.554942), (-70.659722, -33.57338), (-70.660151, -33.574024), (-70.663069, -33.58525), (-70.666776, -33.596594), (-70.670592, -33.607524), (-70.642998, -33.609919), (-70.644328, -33.61964), (-70.642182, -33.619819), (-70.642826, -33.625608), (-70.628403, -33.626927), (-70.627866, -33.623801), (-70.626407, -33.618297), (-70.626728, -33.604984), (-70.60467, -33.602214), (-70.606708, -33.597031), (-70.60688, -33.595279), (-70.608039, -33.589881), (-70.609455, -33.586342), (-70.609369, -33.584376), (-70.609927, -33.581444), (-70.610828, -33.579621), (-70.612202, -33.57061), (-70.612097, -33.564025)]
2020-05-31;San Bernardo;[(-70.767225, -33.571858), (-70.762946, -33.572746), (-70.75917, -33.57246), (-70.753813, -33.582025), (-70.741454, -33.594609), (-70.747977, -33.599756), (-70.753126, -33.601186), (-70.7545, -33.60376), (-70.752783, -33.608907), (-70.749007, -33.611194), (-70.746603, -33.614339), (-70.747977, -33.618342), (-70.750895, -33.619628), (-70.756388, -33.621916), (-70.754978, -33.623371), (-70.751287, -33.626873), (-70.748712, -33.627588), (-70.748197, -33.629303), (-70.745622, -33.632876), (-70.743562, -33.633876), (-70.742189, -33.637878), (-70.740988, -33.639022), (-70.740301, -33.642023), (-70.738241, -33.645452), (-70.735494, -33.647167), (-70.735838, -33.649454), (-70.737726, -33.656313), (-70.739099, -33.658742), (-70.742533, -33.664314), (-70.749056, -33.664028), (-70.750086, -33.665171), (-70.755579, -33.663885), (-70.757982, -33.664171), (-70.78559, -33.655577), (-70.789367, -33.659007), (-70.7928, -33.659864), (-70.795204, -33.66415), (-70.798637, -33.668151), (-70.802413, -33.672437), (-70.801727, -33.679579), (-70.79692, -33.685007), (-70.79383, -33.691006), (-70.791084, -33.698148), (-70.795204, -33.701861), (-70.796577, -33.705859), (-70.804817, -33.711571), (-70.80413, -33.715855), (-70.80619, -33.720995), (-70.812713, -33.722994), (-70.819923, -33.719853), (-70.824043, -33.72071), (-70.825073, -33.724136), (-70.821983, -33.728705), (-70.820266, -33.736129), (-70.821639, -33.73984), (-70.826103, -33.74241), (-70.826789, -33.746121), (-70.828506, -33.753828), (-70.824386, -33.75811), (-70.809452, -33.741125), (-70.781814, -33.720139), (-70.75349, -33.702004), (-70.722419, -33.691863), (-70.717441, -33.68415), (-70.714694, -33.677151), (-70.703365, -33.666293), (-70.669547, -33.658864), (-70.631954, -33.644146), (-70.631299, -33.642631), (-70.62954, -33.631269), (-70.628403, -33.626927), (-70.642826, -33.625608), (-70.642182, -33.619819), (-70.644328, -33.61964), (-70.642998, -33.609919), (-70.670592, -33.607524), (-70.663069, -33.58525), (-70.676673, -33.582533), (-70.700835, -33.573023), (-70.696586, -33.564012), (-70.697058, -33.56369), (-70.695384, -33.55593), (-70.69311, -33.556144), (-70.686673, -33.541981), (-70.686961, -33.541898), (-70.686608, -33.541301), (-70.685342, -33.539101), (-70.706303, -33.531424), (-70.726087, -33.52409), (-70.759414, -33.561988), (-70.764864, -33.568497), (-70.767225, -33.571858)]
2020-05-31;La Granja;[(-70.610551, -33.546639), (-70.609661, -33.526187), (-70.610154, -33.521643), (-70.61039, -33.520928), (-70.611249, -33.513065), (-70.61506, -33.513099), (-70.620306, -33.514432), (-70.620756, -33.5147), (-70.62729, -33.517733), (-70.627964, -33.517797), (-70.636595, -33.518784), (-70.635367, -33.52921), (-70.635196, -33.529854), (-70.634766, -33.532966), (-70.63417, -33.541988), (-70.63402, -33.543383), (-70.631058, -33.558011), (-70.630559, -33.559901), (-70.612234, -33.555645), (-70.612965, -33.553086), (-70.61318, -33.55263), (-70.613287, -33.552013), (-70.61348, -33.551575), (-70.6148, -33.546854), (-70.614864, -33.546648), (-70.614736, -33.546434), (-70.613899, -33.546568), (-70.610551, -33.546639)]
2020-05-31;Puente Alto;[(-70.496891, -33.598795), (-70.495412, -33.598007), (-70.495908, -33.595361), (-70.49577, -33.593573), (-70.495741, -33.59191), (-70.498316, -33.589622), (-70.497345, -33.583521), (-70.500279, -33.578386), (-70.501234, -33.576608), (-70.500547, -33.572174), (-70.496942, -33.568026), (-70.493681, -33.565595), (-70.492479, -33.563163), (-70.488188, -33.559301), (-70.488188, -33.556726), (-70.486471, -33.553007), (-70.485098, -33.546425), (-70.484402, -33.539416), (-70.490496, -33.539702), (-70.496676, -33.539918), (-70.500496, -33.539508), (-70.50324, -33.539567), (-70.505345, -33.538415), (-70.51204, -33.538129), (-70.518347, -33.53971), (-70.525042, -33.541713), (-70.529934, -33.543377), (-70.531952, -33.543566), (-70.535557, -33.547429), (-70.537209, -33.548129), (-70.54, -33.549452), (-70.54105, -33.550004), (-70.547402, -33.551005), (-70.549977, -33.548144), (-70.554483, -33.547894), (-70.553813, -33.550034), (-70.554868, -33.551907), (-70.563837, -33.552872), (-70.557237, -33.560859), (-70.563138, -33.561914), (-70.563341, -33.561887), (-70.584466, -33.565615), (-70.583835, -33.568751), (-70.592418, -33.569895), (-70.598533, -33.567428), (-70.600035, -33.567338), (-70.600915, -33.567535), (-70.612288, -33.57061), (-70.611328, -33.579171), (-70.610013, -33.581444), (-70.609455, -33.584376), (-70.609541, -33.586342), (-70.606794, -33.597031), (-70.604756, -33.602214), (-70.626814, -33.604984), (-70.626493, -33.618297), (-70.629582, -33.63075), (-70.631299, -33.642631), (-70.629625, -33.641345), (-70.625334, -33.641738), (-70.622587, -33.643238), (-70.620527, -33.64306), (-70.618467, -33.64331), (-70.615549, -33.642167), (-70.609927, -33.641524), (-70.604305, -33.641309), (-70.596237, -33.637915), (-70.592461, -33.638165), (-70.590487, -33.637522), (-70.588598, -33.63545), (-70.586109, -33.634342), (-70.584135, -33.63427), (-70.581818, -33.634556), (-70.580444, -33.633342), (-70.579886, -33.63134), (-70.578685, -33.629268), (-70.576668, -33.627231), (-70.575166, -33.624265), (-70.575509, -33.625052), (-70.575767, -33.626124), (-70.575724, -33.626838), (-70.573965, -33.626309), (-70.57212, -33.625595), (-70.570832, -33.625237), (-70.569588, -33.625166), (-70.568128, -33.625523), (-70.567227, -33.625416), (-70.566584, -33.624701), (-70.566412, -33.623343), (-70.566584, -33.621807), (-70.56624, -33.620985), (-70.565039, -33.620413), (-70.564137, -33.620306), (-70.562936, -33.620449), (-70.561434, -33.620663), (-70.560232, -33.62052), (-70.558902, -33.620663), (-70.557486, -33.620878), (-70.555812, -33.620663), (-70.550619, -33.618805), (-70.549374, -33.61859), (-70.548001, -33.618626), (-70.547057, -33.618698), (-70.545555, -33.618269), (-70.544096, -33.61809), (-70.543066, -33.618269), (-70.542165, -33.619091), (-70.540877, -33.619841), (-70.539804, -33.619877), (-70.537873, -33.619341), (-70.535384, -33.618269), (-70.534225, -33.617482), (-70.532208, -33.616553), (-70.530663, -33.61566), (-70.52959, -33.615267), (-70.52899, -33.615374), (-70.527917, -33.616518), (-70.52693, -33.616911), (-70.524998, -33.616946), (-70.522724, -33.616589), (-70.520235, -33.616339), (-70.519462, -33.616375), (-70.518261, -33.615874), (-70.517617, -33.614909), (-70.518003, -33.61398), (-70.51796, -33.61348), (-70.516845, -33.61323), (-70.515686, -33.613301), (-70.514956, -33.61373), (-70.514656, -33.614409), (-70.513884, -33.61448), (-70.512854, -33.614338), (-70.512081, -33.614588), (-70.511738, -33.614302), (-70.511437, -33.613694), (-70.510708, -33.613372), (-70.509506, -33.613408), (-70.508648, -33.61323), (-70.50809, -33.612586), (-70.508004, -33.611764), (-70.508047, -33.609477), (-70.507832, -33.608762), (-70.507146, -33.608297), (-70.505772, -33.60819), (-70.504185, -33.60819), (-70.502511, -33.60844), (-70.501781, -33.608834), (-70.500751, -33.608869), (-70.49882, -33.608226), (-70.498134, -33.607332), (-70.497704, -33.606189), (-70.498091, -33.605331), (-70.49882, -33.604902), (-70.499764, -33.604723), (-70.500623, -33.604187), (-70.501138, -33.603329), (-70.501138, -33.602686), (-70.500623, -33.602185), (-70.499292, -33.601506), (-70.497361, -33.600612), (-70.496159, -33.600148), (-70.496891, -33.598795)]
2020-05-31;Buin;[(-70.824386, -33.75811), (-70.838509, -33.775166), (-70.850525, -33.779446), (-70.856705, -33.786295), (-70.857048, -33.791716), (-70.865974, -33.799705), (-70.878677, -33.80484), (-70.891037, -33.802843), (-70.894814, -33.80484), (-70.89138, -33.807407), (-70.884857, -33.811686), (-70.878334, -33.811116), (-70.873528, -33.812257), (-70.872154, -33.810117), (-70.869923, -33.810117), (-70.866146, -33.814682), (-70.858936, -33.814824), (-70.857417, -33.820343), (-70.85982, -33.822197), (-70.859477, -33.825334), (-70.853469, -33.82676), (-70.853984, -33.829897), (-70.853126, -33.831466), (-70.853469, -33.833034), (-70.830981, -33.84216), (-70.829436, -33.840306), (-70.815532, -33.839308), (-70.812614, -33.840164), (-70.801112, -33.840592), (-70.782916, -33.848433), (-70.765578, -33.807649), (-70.75854, -33.815351), (-70.751674, -33.775836), (-70.737512, -33.776656), (-70.739514, -33.791339), (-70.691454, -33.791197), (-70.690424, -33.768083), (-70.665018, -33.762374), (-70.646478, -33.746675), (-70.639955, -33.74953), (-70.631715, -33.74953), (-70.626566, -33.744962), (-70.624162, -33.739823), (-70.622102, -33.736968), (-70.612833, -33.738396), (-70.610773, -33.733257), (-70.612833, -33.722121), (-70.619012, -33.717837), (-70.620729, -33.711554), (-70.627939, -33.7047), (-70.634462, -33.703558), (-70.643045, -33.695846), (-70.642015, -33.692132), (-70.642702, -33.686133), (-70.646135, -33.682705), (-70.653688, -33.679848), (-70.656778, -33.673848), (-70.649225, -33.661276), (-70.640642, -33.658132), (-70.633775, -33.651274), (-70.631299, -33.642631), (-70.669547, -33.658864), (-70.703365, -33.666293), (-70.714694, -33.677151), (-70.717441, -33.68415), (-70.722419, -33.691863), (-70.75349, -33.702004), (-70.781814, -33.720139), (-70.809452, -33.741125), (-70.824386, -33.75811)]
2020-05-31;Lonquimay;[(-71.579967, -38.608932), (-71.533521, -38.639833), (-71.485675, -38.651938), (-71.464137, -38.650397), (-71.455385, -38.658036), (-71.450223, -38.673314), (-71.422039, -38.67061), (-71.439569, -38.705235), (-71.446357, -38.718981), (-71.458642, -38.731654), (-71.459255, -38.740042), (-71.463988, -38.747358), (-71.452402, -38.774828), (-71.420125, -38.791218), (-71.407756, -38.801182), (-71.39607, -38.81382), (-71.393994, -38.824317), (-71.386731, -38.83073), (-71.39114, -38.837678), (-71.394398, -38.847028), (-71.408387, -38.847427), (-71.409891, -38.855112), (-71.40309, -38.869648), (-71.404496, -38.882262), (-71.411396, -38.888461), (-71.402986, -38.901024), (-71.391826, -38.907174), (-71.385647, -38.906639), (-71.380154, -38.904502), (-71.377064, -38.906105), (-71.37363, -38.904502), (-71.372944, -38.901029), (-71.369854, -38.899158), (-71.364361, -38.894349), (-71.363331, -38.890073), (-71.359211, -38.887668), (-71.355091, -38.886866), (-71.351314, -38.883392), (-71.340328, -38.878047), (-71.337238, -38.875642), (-71.328998, -38.873771), (-71.325222, -38.875909), (-71.322475, -38.879116), (-71.314922, -38.879116), (-71.307712, -38.875107), (-71.301876, -38.872969), (-71.295353, -38.871632), (-71.29295, -38.864682), (-71.29398, -38.85987), (-71.292606, -38.857464), (-71.28677, -38.857732), (-71.28368, -38.857197), (-71.279903, -38.858534), (-71.276127, -38.857197), (-71.273723, -38.853186), (-71.267544, -38.852117), (-71.266857, -38.848374), (-71.265827, -38.844096), (-71.268574, -38.839817), (-71.267544, -38.836875), (-71.267544, -38.831527), (-71.265827, -38.82805), (-71.26205, -38.8227), (-71.26102, -38.818153), (-71.260334, -38.814943), (-71.256214, -38.813873), (-71.252094, -38.814408), (-71.250378, -38.812536), (-71.247802, -38.811867), (-71.246086, -38.810797), (-71.245399, -38.809325), (-71.243339, -38.808389), (-71.242996, -38.807051), (-71.240593, -38.806115), (-71.237674, -38.801299), (-71.235615, -38.803306), (-71.233383, -38.804242), (-71.2351, -38.807185), (-71.232181, -38.807452), (-71.223427, -38.811733), (-71.215874, -38.813338), (-71.213985, -38.815211), (-71.212097, -38.817351), (-71.209694, -38.817351), (-71.207977, -38.816949), (-71.205574, -38.817484), (-71.201111, -38.815746), (-71.196132, -38.814809), (-71.192699, -38.813204), (-71.189438, -38.813338), (-71.18549, -38.814007), (-71.180168, -38.801299), (-71.178108, -38.801566), (-71.175018, -38.800095), (-71.172615, -38.800095), (-71.170727, -38.801566), (-71.168495, -38.802235), (-71.166607, -38.801165), (-71.164718, -38.801165), (-71.158539, -38.799827), (-71.15665, -38.80063), (-71.15459, -38.800496), (-71.152359, -38.798623), (-71.150127, -38.799292), (-71.147896, -38.797553), (-71.146007, -38.795546), (-71.143604, -38.795412), (-71.141544, -38.793941), (-71.141544, -38.792603), (-71.139484, -38.790462), (-71.138969, -38.788722), (-71.137424, -38.786849), (-71.136051, -38.785645), (-71.135708, -38.782166), (-71.133819, -38.781229), (-71.13073, -38.780292), (-71.127125, -38.778151), (-71.125751, -38.777616), (-71.123691, -38.776545), (-71.121975, -38.777348), (-71.119915, -38.780426), (-71.11837, -38.781363), (-71.11734, -38.779623), (-71.115795, -38.778553), (-71.116997, -38.776412), (-71.116138, -38.774806), (-71.114422, -38.774002), (-71.109615, -38.774939), (-71.107212, -38.77427), (-71.106182, -38.773333), (-71.107212, -38.771594), (-71.104122, -38.767311), (-71.101719, -38.765571), (-71.097427, -38.763028), (-71.097256, -38.76035), (-71.098629, -38.757941), (-71.096054, -38.755398), (-71.093822, -38.754193), (-71.089702, -38.755799), (-71.086269, -38.759414), (-71.083179, -38.760217), (-71.080604, -38.763964), (-71.076828, -38.766374), (-71.07391, -38.766508), (-71.070476, -38.767846), (-71.068416, -38.769051), (-71.064125, -38.765571), (-71.061035, -38.763429), (-71.058803, -38.759815), (-71.053138, -38.757807), (-71.047645, -38.75861), (-71.042152, -38.75861), (-71.038032, -38.759681), (-71.033226, -38.757539), (-71.029449, -38.757807), (-71.025673, -38.760217), (-71.00885, -38.766106), (-71.00782, -38.768515), (-70.998894, -38.769051), (-70.993744, -38.762894), (-70.988937, -38.763697), (-70.984131, -38.763429), (-70.980354, -38.758878), (-70.976234, -38.760484), (-70.971771, -38.759949), (-70.968681, -38.761555), (-70.964905, -38.763429), (-70.960098, -38.763161), (-70.953918, -38.762626), (-70.949798, -38.760752), (-70.940872, -38.762894), (-70.935036, -38.762091), (-70.925766, -38.7645), (-70.921989, -38.761555), (-70.915809, -38.752185), (-70.91066, -38.740135), (-70.907913, -38.732905), (-70.905853, -38.728619), (-70.895897, -38.720316), (-70.889717, -38.720852), (-70.888687, -38.715226), (-70.886627, -38.712012), (-70.888344, -38.707993), (-70.885597, -38.703707), (-70.882507, -38.701295), (-70.884567, -38.69942), (-70.88491, -38.697008), (-70.89315, -38.695668), (-70.896927, -38.692185), (-70.899673, -38.688969), (-70.90242, -38.677981), (-70.904136, -38.673157), (-70.902763, -38.668332), (-70.896927, -38.664043), (-70.89624, -38.654928), (-70.889717, -38.650638), (-70.887314, -38.645811), (-70.88182, -38.640985), (-70.876671, -38.639376), (-70.874652, -38.640038), (-70.871991, -38.637222), (-70.865382, -38.633803), (-70.862319, -38.624428), (-70.849959, -38.617185), (-70.844809, -38.616917), (-70.843779, -38.613966), (-70.838286, -38.613698), (-70.833823, -38.60726), (-70.835196, -38.603772), (-70.826613, -38.597332), (-70.830733, -38.589014), (-70.834853, -38.587404), (-70.835196, -38.582304), (-70.836569, -38.579352), (-70.835196, -38.56969), (-70.833479, -38.565663), (-70.835539, -38.562442), (-70.836913, -38.557609), (-70.834509, -38.553314), (-70.836913, -38.55036), (-70.842406, -38.538277), (-70.847556, -38.533711), (-70.859915, -38.526997), (-70.863348, -38.523505), (-70.864378, -38.515984), (-70.871245, -38.511954), (-70.878455, -38.511686), (-70.886008, -38.509537), (-70.897681, -38.509537), (-70.905234, -38.506582), (-70.908667, -38.503358), (-70.91313, -38.49664), (-70.925833, -38.487235), (-70.929953, -38.480785), (-70.927893, -38.47541), (-70.9327, -38.470034), (-70.943686, -38.46197), (-70.947806, -38.455249), (-70.955702, -38.446376), (-70.960509, -38.44288), (-70.970122, -38.441267), (-70.971838, -38.443956), (-70.976988, -38.442611), (-70.981108, -38.433199), (-70.983512, -38.429434), (-70.980765, -38.414909), (-70.980765, -38.40926), (-70.985228, -38.399036), (-70.985571, -38.391233), (-70.984198, -38.385582), (-70.986258, -38.379392), (-70.986601, -38.372394), (-70.981795, -38.364588), (-70.987288, -38.359742), (-70.996558, -38.356242), (-70.997244, -38.351935), (-70.996214, -38.341972), (-70.997244, -38.337394), (-70.999991, -38.327161), (-71.002738, -38.326622), (-71.002394, -38.314501), (-71.003768, -38.309383), (-71.002738, -38.30588), (-70.998618, -38.305072), (-70.998618, -38.301031), (-70.997588, -38.297528), (-70.997931, -38.294834), (-70.997931, -38.29187), (-71.004798, -38.285672), (-71.010634, -38.282977), (-71.009604, -38.276509), (-71.010291, -38.267345), (-71.008917, -38.261414), (-71.012351, -38.256022), (-71.01647, -38.25117), (-71.017157, -38.248204), (-71.031577, -38.249822), (-71.027457, -38.246586), (-71.022307, -38.244159), (-71.01853, -38.240115), (-71.0175, -38.23553), (-71.017157, -38.230406), (-71.01544, -38.2269), (-71.019904, -38.21746), (-71.021964, -38.213954), (-71.01853, -38.211526), (-71.012694, -38.209637), (-71.008574, -38.211256), (-71.000334, -38.210447), (-70.999648, -38.205861), (-70.996901, -38.202893), (-70.997244, -38.196687), (-70.996558, -38.191291), (-70.995871, -38.186704), (-70.996558, -38.182926), (-70.994498, -38.179147), (-70.996558, -38.175099), (-70.996558, -38.17159), (-70.998274, -38.168621), (-71.003768, -38.165112), (-71.009261, -38.162683), (-71.010634, -38.160253), (-71.009947, -38.153234), (-71.01544, -38.151344), (-71.020247, -38.149994), (-71.02471, -38.149994), (-71.024367, -38.146215), (-71.02471, -38.142434), (-71.027457, -38.139194), (-71.029517, -38.133523), (-71.03295, -38.130553), (-71.036383, -38.128392), (-71.03913, -38.127582), (-71.040503, -38.124881), (-71.04531, -38.122991), (-71.055609, -38.115968), (-71.062476, -38.111106), (-71.072432, -38.106243), (-71.076209, -38.10003), (-71.086165, -38.094626), (-71.096121, -38.092735), (-71.109168, -38.093005), (-71.122557, -38.097868), (-71.13423, -38.102731), (-71.14041, -38.104082), (-71.14968, -38.109215), (-71.161009, -38.111376), (-71.170279, -38.110836), (-71.178862, -38.107054), (-71.186759, -38.103002), (-71.202551, -38.104893), (-71.215254, -38.103002), (-71.228301, -38.102731), (-71.23963, -38.09976), (-71.251303, -38.097058), (-71.262633, -38.096788), (-71.271559, -38.099219), (-71.281859, -38.105973), (-71.290785, -38.108675), (-71.301085, -38.105703), (-71.304175, -38.097058), (-71.309325, -38.090843), (-71.324431, -38.091113), (-71.343657, -38.092464), (-71.355673, -38.089492), (-71.368033, -38.088682), (-71.383482, -38.093275), (-71.391036, -38.098679), (-71.397581, -38.102456), (-71.401014, -38.102997), (-71.404791, -38.104888), (-71.406851, -38.106509), (-71.408052, -38.108535), (-71.411142, -38.109886), (-71.415434, -38.110696), (-71.416292, -38.112317), (-71.413202, -38.115693), (-71.414747, -38.117854), (-71.414576, -38.122041), (-71.412859, -38.123661), (-71.413717, -38.126902), (-71.415802, -38.127081), (-71.41563, -38.128702), (-71.414, -38.130524), (-71.4146, -38.132888), (-71.41297, -38.134238), (-71.414171, -38.137411), (-71.417519, -38.140314), (-71.419235, -38.141934), (-71.418892, -38.143486), (-71.421724, -38.146389), (-71.423098, -38.148279), (-71.425244, -38.151181), (-71.427389, -38.154758), (-71.430908, -38.158133), (-71.434771, -38.161642), (-71.44301, -38.165286), (-71.45022, -38.168796), (-71.452452, -38.172304), (-71.458975, -38.177432), (-71.463638, -38.179631), (-71.469217, -38.183814), (-71.472994, -38.186445), (-71.477972, -38.189683), (-71.481319, -38.191639), (-71.483379, -38.193326), (-71.492305, -38.198385), (-71.504308, -38.204964), (-71.515282, -38.208432), (-71.527122, -38.206792), (-71.538277, -38.208389), (-71.546171, -38.232621), (-71.560765, -38.228827), (-71.584885, -38.232052), (-71.607634, -38.239588), (-71.616233, -38.247622), (-71.631354, -38.273336), (-71.631373, -38.284495), (-71.648562, -38.308856), (-71.654082, -38.311123), (-71.63008, -38.32248), (-71.602968, -38.351853), (-71.562793, -38.358217), (-71.551977, -38.34587), (-71.52949, -38.347522), (-71.511976, -38.364822), (-71.493418, -38.3721), (-71.483764, -38.390141), (-71.47859, -38.415575), (-71.480282, -38.43778), (-71.465369, -38.455351), (-71.458597, -38.47704), (-71.475174, -38.490128), (-71.492041, -38.513468), (-71.514412, -38.52606), (-71.546044, -38.543559), (-71.5653, -38.564655), (-71.583192, -38.573936), (-71.584316, -38.594648), (-71.579967, -38.608932)]
